x_m,exact_potential_v,fem_potential_v
0.0,0.0,0.0
2.5e-06,0.0007057041964631428,0.0006948512816845671
5e-06,0.0014110554525929707,0.0013897025633691342
7.500000000000001e-06,0.0021160537683894832,0.0020845538450537013
1e-05,0.002820699143852682,0.0027794051267382683
1.25e-05,0.003524991578982564,0.003474256408422835
1.5000000000000002e-05,0.004228931073779133,0.004169107690107403
1.7500000000000002e-05,0.004932517628242386,0.00486395897179197
2e-05,0.005635751242372326,0.005558810253476537
2.25e-05,0.006338631916168948,0.006253661535161103
2.5e-05,0.007041159649632256,0.00694851281684567
2.75e-05,0.00774333444276225,0.007643364098530237
3.0000000000000004e-05,0.008445156295558929,0.008338215380214805
3.2500000000000004e-05,0.009146625208022294,0.009033066661899371
3.5000000000000004e-05,0.009847741180152341,0.00972791794358394
3.7500000000000003e-05,0.010548504211949077,0.010422769225268505
4e-05,0.011248914303412495,0.011117620506953073
4.25e-05,0.0119489714545426,0.01181247178863764
4.5e-05,0.01264867566533939,0.012507323070322205
4.75e-05,0.01334802693580286,0.013202174352006773
5e-05,0.014047025265933023,0.01389702563369134
5.25e-05,0.014745670655729865,0.014591876915375907
5.5e-05,0.015443963105193397,0.015286728197060473
5.75e-05,0.016141902614323612,0.01598157947874504
6.000000000000001e-05,0.016839489183120514,0.01667643076042961
6.25e-05,0.0175367228115841,0.017371282042114175
6.500000000000001e-05,0.018233603499714368,0.018066133323798743
6.75e-05,0.018930131247511323,0.018760984605483307
7.000000000000001e-05,0.01962630605497496,0.01945583588716788
7.25e-05,0.020322127922105287,0.020150687168852443
7.500000000000001e-05,0.021017596848902295,0.02084553845053701
7.75e-05,0.021712712835365994,0.021540389732221575
8e-05,0.022407475881496376,0.022235241013906146
8.250000000000001e-05,0.023101885987293447,0.022930092295590714
8.5e-05,0.023795943152757192,0.02362494357727528
8.750000000000001e-05,0.02448964737788763,0.024319794858959846
9e-05,0.02518299866268475,0.02501464614064441
9.250000000000001e-05,0.025875997007148554,0.025709497422328982
9.5e-05,0.026568642411279045,0.026404348704013546
9.750000000000001e-05,0.027260934875076224,0.027099199985698114
0.0001,0.027952874398540085,0.02779405126738268
0.00010250000000000001,0.02864446098167063,0.02848890254906725
0.000105,0.029335694624467862,0.029183753830751814
0.00010750000000000001,0.030026575326931784,0.029878605112436382
0.00011,0.030717103089062378,0.030573456394120947
0.00011250000000000001,0.03140727791085967,0.03126830767580552
0.000115,0.03209709979232364,0.03196315895749008
0.00011750000000000001,0.0327865687334543,0.032658010239174654
0.00012000000000000002,0.03347568473425164,0.03335286152085922
0.00012250000000000002,0.034164447794715676,0.03404771280254379
0.000125,0.03485285791484639,0.03474256408422835
0.0001275,0.03554091509464377,0.03543741536591292
0.00013000000000000002,0.03622861933410787,0.036132266647597486
0.00013250000000000002,0.03691597063323863,0.036827117929282054
0.000135,0.037602968992036086,0.037521969210966614
0.0001375,0.03828961441050022,0.03821682049265118
0.00014000000000000001,0.03897590688863105,0.03891167177433576
0.00014250000000000002,0.03966184642642856,0.039606523056020325
0.000145,0.040347433023892744,0.040301374337704886
0.0001475,0.04103266668102363,0.040996225619389454
0.00015000000000000001,0.041717547397821186,0.04169107690107402
0.00015250000000000002,0.04240207517428544,0.04238592818275859
0.000155,0.04308625001041636,0.04308077946444315
0.0001575,0.043770071906213986,0.043764601360704154
0.00016,0.04445354086167829,0.044437393871541594
0.00016250000000000002,0.04513665687680928,0.045110186382379035
0.00016500000000000003,0.04581941995160696,0.045782978893216475
0.0001675,0.04650183008607131,0.04645577140405391
0.00017,0.047183887280202355,0.04712856391489135
0.00017250000000000002,0.047865591534000086,0.04780135642572879
0.00017500000000000003,0.04854694284746451,0.04847414893656623
0.0001775,0.0492279412205956,0.04914694144740366
0.00018,0.049908586653393386,0.0498197339582411
0.00018250000000000002,0.050588879145857864,0.050492526469078536
0.00018500000000000002,0.05126881869798902,0.051165318979915976
0.0001875,0.05194840530978685,0.05183811149075341
0.00019,0.05262763898125138,0.05251090400159085
0.00019250000000000002,0.053306519712382594,0.05318369651242829
0.00019500000000000002,0.053985047503180485,0.05385648902326573
0.0001975,0.054663222353645055,0.05452928153410316
0.0002,0.05534104426377633,0.055202074044940604
0.00020250000000000002,0.05601851323357428,0.055874866555778044
0.00020500000000000002,0.056695629263038914,0.05654765906661548
0.00020750000000000003,0.05737239235217024,0.057220451577452924
0.00021,0.05804880250096824,0.05789324408829036
0.00021250000000000002,0.05872485970943294,0.05856603659912779
0.00021500000000000002,0.05940056397756431,0.05923882910996523
0.00021750000000000003,0.06007591530536237,0.05991162162080267
0.00022,0.06075091369282711,0.060584414131640105
0.00022250000000000001,0.061425559139958556,0.061257206642477545
0.00022500000000000002,0.06209985164675667,0.061929999153314985
0.00022750000000000003,0.06277379121322148,0.06260279166415242
0.00023,0.06344737783935296,0.06327558417498985
0.0002325,0.06412061152515112,0.0639483766858273
0.00023500000000000002,0.06479349227061598,0.06462116919666473
0.00023750000000000003,0.06546602007574753,0.06529396170750218
0.00024000000000000003,0.06613819494054575,0.06596675421833961
0.0002425,0.06681001686501067,0.06663954672917705
0.00024500000000000005,0.06748148584914226,0.0673123392400145
0.0002475,0.06815260189294053,0.06798513175085191
0.00025,0.06882336499640551,0.06865792426168936
0.0002525,0.06949377515953717,0.0693307167725268
0.000255,0.0701638323823355,0.07000350928336424
0.0002575,0.07083353666480051,0.07067630179420167
0.00026000000000000003,0.07150288800693225,0.07134909430503912
0.00026250000000000004,0.07217188640873062,0.07202188681587655
0.00026500000000000004,0.07284053187019572,0.072694679326714
0.0002675,0.07350882439132747,0.07336747183755142
0.00027,0.07417676397212593,0.07404026434838887
0.0002725,0.07484435061259104,0.0747130568592263
0.000275,0.07551158431272287,0.07538584937006373
0.0002775,0.07617846507252138,0.07605864188090118
0.00028000000000000003,0.07684499289198655,0.07673143439173863
0.00028250000000000004,0.07751116777111844,0.07740422690257606
0.00028500000000000004,0.078176989709917,0.0780770194134135
0.00028750000000000005,0.07884245870838226,0.07874981192425093
0.00029,0.07950757476651416,0.07942260443508836
0.0002925,0.08017233788431277,0.0800953969459258
0.000295,0.08083674806177808,0.08076818945676324
0.0002975,0.08150080529891006,0.08144098196760069
0.00030000000000000003,0.08216450959570873,0.08211377447843812
0.00030250000000000003,0.08282786095217409,0.08278656698927556
0.00030500000000000004,0.08349085936830614,0.083459359500113
0.00030750000000000005,0.08415350484410486,0.08413215201095045
0.00031,0.08481579737957025,0.08480494452178786
0.0003125,0.08547773697470236,0.0854777370326253
0.000315,0.08613932362950115,0.08612847077261561
0.0003175,0.0868005573439666,0.08677920451260593
0.00032,0.08746143811809876,0.08742993825259623
0.00032250000000000003,0.08812196595189759,0.08808067199258654
0.00032500000000000004,0.08878214084536311,0.08873140573257686
0.00032750000000000005,0.08944196279849531,0.08938213947256717
0.00033000000000000005,0.09010143181129422,0.09003287321255747
0.0003325,0.09076054788375978,0.09068360695254778
0.000335,0.09141931101589204,0.09133434069253808
0.0003375,0.092077721207691,0.09198507443252839
0.00034,0.09273577845915662,0.09263580817251871
0.00034250000000000003,0.09339348277028893,0.09328654191250901
0.00034500000000000004,0.09405083414108793,0.09393727565249932
0.00034750000000000004,0.09470783257155363,0.09458800939248964
0.00035000000000000005,0.095364478061686,0.09523874313247994
0.0003525,0.09602077061148503,0.09588947687247024
0.000355,0.0966767102209508,0.09654021061246056
0.0003575,0.09733229689008323,0.09719094435245086
0.00036,0.09798753061888234,0.09784167809244117
0.00036250000000000003,0.09864241140734813,0.09849241183243149
0.00036500000000000004,0.09929693925548061,0.09914314557242179
0.00036750000000000004,0.09995111416327979,0.0997938793124121
0.00037000000000000005,0.10060493613074563,0.10044461305240242
0.00037250000000000006,0.10125840515787819,0.10109534679239272
0.000375,0.1019115212446774,0.10174608053238302
0.0003775,0.1025642843911433,0.10239681427237333
0.00038,0.1032166945972759,0.10304754801236364
0.00038250000000000003,0.10386875186307519,0.10369828175235395
0.00038500000000000003,0.10452045618854114,0.10434901549234427
0.00038750000000000004,0.10517180757367378,0.10499974923233457
0.00039000000000000005,0.10582280601847315,0.10565048297232488
0.00039250000000000005,0.10647345152293915,0.1063012167123152
0.000395,0.10712374408707184,0.10695195045230549
0.0003975,0.10777368371087122,0.1076026841922958
0.0004,0.10842327039433731,0.10825341793228611
0.0004025,0.10907250413747006,0.10890415167227642
0.00040500000000000003,0.10972138494026948,0.10955488541226673
0.00040750000000000004,0.11036991280273563,0.11020561915225704
0.00041000000000000005,0.11101808772486844,0.11085635289224735
0.00041250000000000005,0.11166590970666795,0.11150708663223766
0.00041500000000000006,0.11231337874813413,0.11215782037222798
0.0004175,0.11296049484926701,0.11280855411221827
0.00042,0.11360725801006655,0.11345928785220857
0.0004225,0.11425366823053279,0.11411002159219888
0.00042500000000000003,0.11489972551066573,0.1147607553321892
0.00042750000000000004,0.11554542985046533,0.1154114890721795
0.00043000000000000004,0.11619078124993162,0.11606222281216982
0.00043250000000000005,0.1168357797090646,0.11671295655216013
0.00043500000000000006,0.11748042522786428,0.11736369029215044
0.0004375,0.1181247178063306,0.11801442403214074
0.00044,0.11876865744446366,0.11866515777213105
0.0004425,0.11941224414226337,0.11931589151212135
0.00044500000000000003,0.1200554778997298,0.11996662525211166
0.00044750000000000004,0.12069835871686287,0.12061735899210198
0.00045000000000000004,0.12134088659366261,0.1212680927320923
0.00045250000000000005,0.12198306153012911,0.1219188264720826
0.00045500000000000006,0.12262488352626226,0.12256956021207291
0.00045750000000000006,0.12326635258206209,0.12322029395206321
0.00046,0.1239074686975286,0.12387102769205352
0.0004625,0.1245482318726618,0.12452176143204383
0.000465,0.12518864210746167,0.12517249517203413
0.00046750000000000003,0.12582869940192823,0.12582322891202444
0.00047000000000000004,0.1264684037560615,0.1264629332665912
0.00047250000000000005,0.12710775516986147,0.12709160823573437
0.00047500000000000005,0.12774675364332808,0.12772028320487755
0.00047750000000000006,0.12838539917646138,0.12834895817402073
0.00048000000000000007,0.1290236917692614,0.1289776331431639
0.0004825,0.12966163142172807,0.12960630811230708
0.000485,0.13029921813386144,0.13023498308145026
0.00048750000000000003,0.1309364519056615,0.13086365805059344
0.0004900000000000001,0.13157333273712823,0.13149233301973665
0.0004925,0.13220986062826165,0.1321210079888798
0.000495,0.13284603557906172,0.13274968295802297
0.0004975,0.13348185758952855,0.13337835792716615
0.0005,0.13411732665966203,0.13400703289630933
0.0005025,0.1347524427894622,0.13463570786545254
0.000505,0.13538720597892903,0.13526438283459571
0.0005075,0.13602161622806258,0.1358930578037389
0.00051,0.13665567353686278,0.13652173277288207
0.0005125,0.1372893779053297,0.13715040774202525
0.000515,0.13792272933346325,0.13777908271116843
0.0005175000000000001,0.13855572782126355,0.1384077576803116
0.0005200000000000001,0.13918837336873052,0.13903643264945478
0.0005225000000000001,0.13982066597586415,0.13966510761859796
0.0005250000000000001,0.1404526056426645,0.14029378258774117
0.0005275000000000001,0.1410841923691315,0.14092245755688435
0.0005300000000000001,0.1417154261552652,0.14155113252602752
0.0005325000000000001,0.1423463070010656,0.1421798074951707
0.000535,0.14297683490653262,0.14280848246431385
0.0005375,0.14360700987166639,0.14343715743345703
0.00054,0.14423683189646683,0.1440658324026002
0.0005425,0.14486630098093398,0.14469450737174339
0.000545,0.14549541712506775,0.14532318234088656
0.0005475,0.14612418032886829,0.14595185731002974
0.00055,0.14675259059233545,0.14658053227917295
0.0005525,0.14738064791546931,0.14720920724831613
0.000555,0.14800835229826986,0.1478378822174593
0.0005575,0.1486357037407371,0.14846655718660248
0.0005600000000000001,0.14926270224287103,0.14909523215574566
0.0005625000000000001,0.14988934780467164,0.14972390712488884
0.0005650000000000001,0.15051564042613894,0.15035258209403202
0.0005675000000000001,0.15114158010727288,0.1509812570631752
0.0005700000000000001,0.15176716684807356,0.15160993203231837
0.0005725000000000001,0.1523924006485409,0.15223860700146158
0.0005750000000000001,0.1530172815086749,0.15286728197060476
0.0005775,0.15364180942847566,0.1534959569397479
0.00058,0.154265984407943,0.15412463190889109
0.0005825,0.15488980644707712,0.15475330687803426
0.000585,0.15551327554587788,0.15538198184717744
0.0005875,0.15613639170434535,0.15601065681632062
0.00059,0.1567591549224795,0.1566393317854638
0.0005925,0.15738156520028032,0.157268006754607
0.000595,0.15800362253774783,0.15789668172375018
0.0005975,0.15862532693488202,0.15852535669289336
0.0006000000000000001,0.1592466783916829,0.15915403166203654
0.0006025000000000001,0.15986767690815049,0.15978270663117972
0.0006050000000000001,0.16048832248428477,0.1604113816003229
0.0006075000000000001,0.16110861512008565,0.16104005656946607
0.0006100000000000001,0.16172855481555332,0.16166873153860925
0.0006125000000000001,0.16234814157068764,0.16229740650775243
0.0006150000000000001,0.1629673753854886,0.16292608147689563
0.0006175000000000001,0.16358625625995626,0.1635547564460388
0.00062,0.1642047841940906,0.16418343141518196
0.0006225,0.16482295918789167,0.16481210638432514
0.000625,0.16544078124135939,0.16544078135346832
0.0006275,0.1660582503544938,0.16604739755176437
0.00063,0.16667536652729492,0.16665401375006042
0.0006325,0.1672921297597627,0.16726062994835647
0.000635,0.16790854005189718,0.16786724614665252
0.0006375,0.16852459740369832,0.16847386234494857
0.00064,0.1691403018151662,0.16908047854324462
0.0006425000000000001,0.16975565328630068,0.16968709474154067
0.0006450000000000001,0.17037065181710193,0.17029371093983672
0.0006475000000000001,0.17098529740756985,0.17090032713813277
0.0006500000000000001,0.17159959005770445,0.17150694333642882
0.0006525000000000001,0.1722135297675057,0.17211355953472487
0.0006550000000000001,0.17282711653697364,0.17272017573302093
0.0006575000000000001,0.1734403503661083,0.173326791931317
0.0006600000000000001,0.1740532312549096,0.17393340812961305
0.0006625,0.1746657592033776,0.17454002432790908
0.000665,0.17527793421151228,0.17514664052620513
0.0006675,0.1758897562793137,0.17575325672450118
0.00067,0.17650122540678173,0.17635987292279723
0.0006725,0.1771123415939165,0.17696648912109328
0.000675,0.17772310484071793,0.17757310531938933
0.0006775,0.17833351514718607,0.17817972151768538
0.00068,0.17894357251332085,0.17878633771598143
0.0006825000000000001,0.17955327693912235,0.17939295391427748
0.0006850000000000001,0.18016262842459052,0.17999957011257353
0.0006875000000000001,0.18077162696972537,0.18060618631086958
0.0006900000000000001,0.18138027257452694,0.18121280250916563
0.0006925000000000001,0.18198856523899515,0.18181941870746168
0.0006950000000000001,0.1825965049631301,0.18242603490575773
0.0006975000000000001,0.18320409174693167,0.18303265110405378
0.0007000000000000001,0.18381132559039995,0.18363926730234983
0.0007025000000000001,0.18441820649353494,0.18424588350064589
0.000705,0.18502473445633655,0.1848524996989419
0.0007075,0.18563090947880492,0.18545911589723796
0.00071,0.18623673156093995,0.186065732095534
0.0007125,0.18684220070274166,0.18667234829383006
0.000715,0.18744731690421004,0.1872789644921261
0.0007175,0.18805208016534516,0.18788558069042216
0.00072,0.1886564904861469,0.1884921968887182
0.0007225,0.1892605478666154,0.18909881308701426
0.0007250000000000001,0.18986425230675047,0.18970542928531034
0.0007275000000000001,0.19046760380655228,0.1903120454836064
0.0007300000000000001,0.19107060236602083,0.19091866168190244
0.0007325000000000001,0.191673247985156,0.1915252778801985
0.0007350000000000001,0.1922755406639579,0.19213189407849454
0.0007375000000000001,0.19287748040242647,0.1927385102767906
0.0007400000000000001,0.1934790672005617,0.19334512647508664
0.0007425000000000001,0.19408030105836366,0.1939517426733827
0.0007450000000000001,0.19468118197583226,0.19455835887167874
0.0007475,0.19528170995296754,0.19516497506997477
0.00075,0.19588188498976952,0.19577159126827082
0.0007525,0.19648170708623822,0.19637820746656687
0.000755,0.19708117624237356,0.19698482366486292
0.0007575,0.19768029245817562,0.19759143986315897
0.00076,0.19827905573364432,0.19819805606145502
0.0007625,0.19887746606877976,0.19880467225975107
0.0007650000000000001,0.19947552346358186,0.19941128845804712
0.0007675000000000001,0.2000732279180506,0.20001790465634317
0.0007700000000000001,0.2006705794321861,0.20062452085463922
0.0007725000000000001,0.20126757800598827,0.20123113705293527
0.0007750000000000001,0.20186422363945708,0.20183775325123132
0.0007775000000000001,0.20246051633259263,0.20244436944952737
0.0007800000000000001,0.20305645608539485,0.20305098564782342
0.0007825000000000001,0.2036520428978637,0.20364657246069592
0.0007850000000000001,0.20424727676999935,0.20423112988814485
0.0007875000000000001,0.20484215770180159,0.20481568731559377
0.00079,0.20543668569327048,0.20540024474304266
0.0007925,0.20603086074440613,0.2059848021704916
0.000795,0.20662468285520844,0.2065693595979405
0.0007975,0.20721815202567745,0.20715391702538943
0.0008,0.20781126825581317,0.20773847445283836
0.0008025,0.20840403154561551,0.20832303188028728
0.000805,0.20899644189508457,0.2089075893077362
0.0008075000000000001,0.20958849930422033,0.20949214673518513
0.0008100000000000001,0.21018020377302277,0.21007670416263405
0.0008125000000000001,0.2107715553014919,0.21066126159008297
0.0008150000000000001,0.21136255388962769,0.2112458190175319
0.0008175000000000001,0.21195319953743014,0.21183037644498082
0.0008200000000000001,0.21254349224489935,0.21241493387242974
0.0008225000000000001,0.2131334320120352,0.21299949129987866
0.0008250000000000001,0.21372301883883774,0.21358404872732759
0.0008275000000000001,0.214312252725307,0.2141686061547765
0.0008300000000000001,0.21490113367144287,0.21475316358222543
0.0008325,0.21548966167724545,0.21533772100967433
0.000835,0.21607783674271475,0.21592227843712325
0.0008375,0.2166656588678507,0.21650683586457217
0.00084,0.21725312805265334,0.2170913932920211
0.0008425,0.21784024429712273,0.21767595071947002
0.000845,0.21842700760125872,0.21826050814691894
0.0008475000000000001,0.21901341796506146,0.21884506557436786
0.0008500000000000001,0.21959947538853083,0.2194296230018168
0.0008525000000000001,0.22018517987166686,0.2200141804292657
0.0008550000000000001,0.2207705314144697,0.22059873785671463
0.0008575000000000001,0.22135553001693908,0.22118329528416356
0.0008600000000000001,0.22194017567907526,0.22176785271161248
0.0008625000000000001,0.22252446840087806,0.2223524101390614
0.0008650000000000001,0.22310840818234756,0.22293696756651032
0.0008675000000000001,0.22369199502348375,0.22352152499395925
0.0008700000000000001,0.2242752289242866,0.22410608242140817
0.0008725000000000001,0.22485810988475619,0.2246906398488571
0.000875,0.2254406379048924,0.225275197276306
0.0008775,0.22602281298469534,0.2258597547037549
0.00088,0.22660463512416495,0.22644431213120383
0.0008825,0.22718610432330127,0.22702886955865276
0.000885,0.22776722058210425,0.22761342698610168
0.0008875,0.22834798390057393,0.2281979844135506
0.0008900000000000001,0.22892839427871028,0.22878254184099953
0.0008925000000000001,0.22950845171651335,0.22936709926844845
0.0008950000000000001,0.230088156213983,0.22995165669589737
0.0008975000000000001,0.2306675077711194,0.2305362141233463
0.0009000000000000001,0.2312465063879225,0.23112077155079522
0.0009025000000000001,0.2318251520643923,0.23170532897824414
0.0009050000000000001,0.23240344480052877,0.23228988640569306
0.0009075000000000001,0.23298138459633191,0.232874443833142
0.0009100000000000001,0.23355897145180177,0.2334590012605909
0.0009125000000000001,0.23413620536693827,0.23404355868803983
0.0009150000000000001,0.23471308634174143,0.23462811611548876
0.0009175,0.23528961437621138,0.23521267354293765
0.00092,0.23586578947034792,0.23579723097038657
0.0009225,0.2364416116241512,0.2363817883978355
0.000925,0.23701708083762113,0.23696634582528442
0.0009275,0.2375921971107578,0.23755090325273334
0.00093,0.2381669604435611,0.23813546068018226
0.0009325000000000001,0.23874137083603109,0.2387200181076312
0.0009350000000000001,0.23931542828816776,0.2393045755350801
0.0009375000000000001,0.23988913279997112,0.23988913296252903
0.0009400000000000001,0.24046248437144122,0.24045163161913083
0.0009425000000000001,0.2410354830025779,0.24101413027573262
0.0009450000000000001,0.2416081286933814,0.24157662893233442
0.0009475000000000001,0.2421804214438515,0.2421391275889362
0.0009500000000000001,0.24275236125398827,0.24270162624553798
0.0009525000000000001,0.24332394812379174,0.24326412490213978
0.0009550000000000001,0.24389518205326197,0.24382662355874157
0.0009575000000000001,0.24446606304239876,0.24438912221534337
0.0009600000000000001,0.2450365910912023,0.24495162087194516
0.0009625,0.24560676619967253,0.24551411952854693
0.000965,0.24617658836780942,0.24607661818514873
0.0009675,0.24674605759561305,0.24663911684175052
0.00097,0.24731517388308327,0.24720161549835232
0.0009725000000000001,0.2478839372302203,0.24776411415495408
0.0009750000000000001,0.24845234763702392,0.24832661281155588
0.0009775,0.24902040510349419,0.24888911146815768
0.0009800000000000002,0.2495881096296313,0.2494516101247595
0.0009825,0.2501554612154349,0.25001410878136127
0.000985,0.25072245986090536,0.25057660743796306
0.0009875,0.2512891055660424,0.25113910609456486
0.00099,0.2518553983308462,0.2517016047511666
0.0009925000000000001,0.2524213381553166,0.25226410340776845
0.000995,0.25298692503945375,0.2528266020643702
0.0009975000000000001,0.25355215898325756,0.25338910072097204
0.001,0.2541170399867281,0.2539515993775738
0.0010025000000000001,0.2546815680498652,0.25451409803417563
0.001005,0.25524574317266907,0.25507659669077737
0.0010075000000000001,0.2558095653551397,0.25563909534737916
0.00101,0.2563730345972769,0.25620159400398096
0.0010125000000000002,0.25693615089908084,0.25676409266058275
0.001015,0.25749891426055144,0.25732659131718455
0.0010175000000000002,0.25806132468168874,0.25788908997378635
0.00102,0.2586233821624927,0.25845158863038814
0.0010225000000000002,0.25918508670296336,0.25901408728698994
0.001025,0.25974643830310074,0.25957658594359173
0.0010275,0.2603074369629047,0.26013908460019347
0.00103,0.2608680826823755,0.2607015832567953
0.0010325,0.2614283754615128,0.26126408191339706
0.0010350000000000001,0.26198831530031697,0.26182658056999886
0.0010375,0.2625479021987877,0.26238907922660065
0.0010400000000000001,0.26310713615692516,0.26295157788320245
0.0010425,0.2636660171747294,0.26351407653980424
0.0010450000000000001,0.2642245452522001,0.26407657519640604
0.0010475,0.2647827203893377,0.26463907385300783
0.0010500000000000002,0.26534054258614187,0.26520157250960963
0.0010525,0.2658980118426128,0.2657640711662114
0.0010550000000000002,0.2664551281587504,0.2663265698228132
0.0010575,0.26701189153455457,0.26688906847941496
0.0010600000000000002,0.2675683019700255,0.2674515671360168
0.0010625,0.26812435946516316,0.26801406579261855
0.0010650000000000002,0.2686800640199675,0.2685765644492204
0.0010675,0.2692354156344384,0.26913906310582214
0.00107,0.26979041430857614,0.26970156176242394
0.0010725,0.27034506004238046,0.27026406041902573
0.001075,0.27089935283585154,0.2708265590756275
0.0010775000000000001,0.27145329268898927,0.2713890577322293
0.00108,0.2720068796017937,0.2719515563888311
0.0010825000000000001,0.2725601135742648,0.2725140550454329
0.001085,0.2731129946064026,0.27307655370203465
0.0010875000000000001,0.27366552269820704,0.2736390523586365
0.00109,0.2742176978496782,0.27420155101523824
0.0010925000000000002,0.2747695200608161,0.2747640496718401
0.001095,0.27532098933162064,0.27531551894301826
0.0010975000000000002,0.2758721056620919,0.27585595882877295
0.0011,0.2764228690522297,0.2763963987145276
0.0011025000000000002,0.2769732795020343,0.2769368386002823
0.001105,0.27752333701150556,0.2774772784860369
0.0011075000000000002,0.27807304158064355,0.2780177183717916
0.00111,0.2786223932094482,0.27855815825754626
0.0011125,0.27917139189791945,0.2790985981433009
0.001115,0.2797200376460575,0.27963903802905554
0.0011175,0.2802683304538622,0.2801794779148102
0.0011200000000000001,0.28081627032133366,0.2807199178005649
0.0011225,0.2813638572484716,0.2812603576863195
0.0011250000000000001,0.28191109123527647,0.2818007975720742
0.0011275,0.28245797228174785,0.28234123745782885
0.0011300000000000001,0.28300450038788594,0.28288167734358355
0.0011325,0.2835506755536908,0.2834221172293382
0.0011350000000000002,0.2840964977791623,0.28396255711509283
0.0011375,0.28464196706430045,0.28450299700084747
0.0011400000000000002,0.28518708340910537,0.28504343688660216
0.0011425,0.2857318468135769,0.2855838767723568
0.0011450000000000002,0.2862762572777151,0.2861243166581115
0.0011475,0.28682031480152,0.28666475654386614
0.0011500000000000002,0.2873640193849917,0.28720519642962083
0.0011525,0.2879073710281299,0.2877456363153755
0.001155,0.2884503697309349,0.2882860762011301
0.0011575000000000001,0.2889930154934065,0.28882651608688475
0.00116,0.2895353083155449,0.2893669559726394
0.0011625000000000001,0.2900772481973499,0.2899073958583941
0.001165,0.2906188351388217,0.29044783574414873
0.0011675000000000001,0.29116006913996006,0.2909882756299034
0.00117,0.2917009502007651,0.29152871551565807
0.0011725000000000001,0.29224147832123687,0.29206915540141276
0.001175,0.29278165350137536,0.2926095952871674
0.0011775000000000002,0.29332147574118056,0.29315003517292204
0.00118,0.2938609450406523,0.2936904750586767
0.0011825000000000002,0.29440006139979086,0.2942309149444314
0.001185,0.29493882481859596,0.294771354830186
0.0011875000000000002,0.29547723529706793,0.2953117947159407
0.00119,0.29601529283520644,0.29585223460169535
0.0011925000000000002,0.2965529974330117,0.29639267448745005
0.001195,0.29709034909048365,0.2969331143732047
0.0011975,0.29762734780762223,0.2974735542589593
0.0012000000000000001,0.2981639935844276,0.29801399414471397
0.0012025,0.2987002864208995,0.2985544340304686
0.0012050000000000001,0.2992362263170383,0.2990948739162233
0.0012075,0.2997718132728436,0.29963531380197794
0.0012100000000000001,0.30030704728831564,0.30017575368773264
0.0012125,0.30084192836345436,0.3007161935734873
0.0012150000000000002,0.3013764564982598,0.301256633459242
0.0012175,0.30191063169273186,0.3017970733449966
0.0012200000000000002,0.3024444539468707,0.30233751323075125
0.0012225,0.3029779232606762,0.3028779531165059
0.0012250000000000002,0.3035110396341483,0.3034183930022606
0.0012275,0.3040438030672872,0.30395883288801523
0.0012300000000000002,0.3045762135600927,0.3044992727737699
0.0012325,0.30510827111256494,0.30503971265952456
0.0012350000000000002,0.3056399757247038,0.30558015254527926
0.0012375,0.3061713273965094,0.30612059243103384
0.00124,0.3067023261279816,0.30666103231678854
0.0012425000000000001,0.3072329719191206,0.3072014722025432
0.001245,0.3077632647699262,0.3077419120882978
0.0012475000000000001,0.30829320468039856,0.3082823519740525
0.00125,0.30882279165053755,0.30882279185980716
0.0012525000000000001,0.30935202568034326,0.3093411729747147
0.001255,0.30988090676981556,0.30985955408962224
0.0012575000000000002,0.3104094349189547,0.3103779352045298
0.00126,0.3109376101277604,0.31089631631943726
0.0012625000000000002,0.3114654323962329,0.31141469743434486
0.001265,0.311992901724372,0.31193307854925234
0.0012675000000000002,0.3125200181121779,0.3124514596641599
0.00127,0.31304678155965027,0.3129698407790674
0.0012725000000000002,0.3135731920667894,0.31348822189397496
0.001275,0.3140992496335953,0.31400660300888245
0.0012775000000000002,0.31462495426006787,0.31452498412379004
0.00128,0.31515030594620713,0.3150433652386975
0.0012825,0.31567530469201294,0.315561746353605
0.0012850000000000001,0.3161999504974856,0.3160801274685126
0.0012875,0.31672424336262484,0.3165985085834201
0.0012900000000000001,0.3172481832874309,0.31711688969832763
0.0012925,0.3177717702719035,0.31763527081323517
0.0012950000000000001,0.3182950043160429,0.3181536519281427
0.0012975,0.31881788541984885,0.31867203304305025
0.0013000000000000002,0.31934041358332155,0.3191904141579578
0.0013025,0.319862588806461,0.3197087952728653
0.0013050000000000002,0.320384411089267,0.3202271763877728
0.0013075,0.32090588043173984,0.32074555750268036
0.0013100000000000002,0.32142699683387926,0.3212639386175879
0.0013125,0.32194776029568545,0.32178231973249544
0.0013150000000000002,0.32246817081715823,0.322300700847403
0.0013175,0.3229882283982977,0.32281908196231046
0.0013200000000000002,0.32350793303910397,0.323337463077218
0.0013225,0.3240272847395768,0.32385584419212554
0.001325,0.3245462834997163,0.324374225307033
0.0013275000000000001,0.3250649293195226,0.3248926064219406
0.00133,0.32558322219899555,0.3254109875368481
0.0013325000000000001,0.3261011621381351,0.32592936865175565
0.001335,0.3266187491369415,0.3264477497666632
0.0013375000000000001,0.3271359831954145,0.3269661308815707
0.00134,0.3276528643135541,0.3274845119964782
0.0013425000000000002,0.32816939249136046,0.3280028931113858
0.001345,0.32868556772883345,0.3285212742262933
0.0013475000000000002,0.32920139002597326,0.32903965534120083
0.00135,0.3297168593827796,0.32955803645610837
0.0013525000000000002,0.33023197579925273,0.3300764175710159
0.001355,0.3307467392753925,0.3305947986859234
0.0013575000000000002,0.33126114981119903,0.331113179800831
0.00136,0.33177520740667216,0.3316315609157385
0.0013625000000000002,0.332288912061812,0.332149942030646
0.0013650000000000001,0.33280226377661853,0.33266832314555356
0.0013675,0.3333152625510916,0.33318670426046104
0.0013700000000000001,0.3338279083852316,0.3337050853753686
0.0013725,0.33434020127903813,0.3342234664902761
0.0013750000000000001,0.3348521412325115,0.33474184760518366
0.0013775,0.3353637282456514,0.3352602287200912
0.0013800000000000002,0.335874962318458,0.33577860983499874
0.0013825,0.3363858434509313,0.3362969909499062
0.0013850000000000002,0.33689637164307135,0.33681537206481377
0.0013875,0.33740654689487803,0.3373337531797213
0.0013900000000000002,0.33791636920635143,0.33785213429462885
0.0013925,0.3384258385774915,0.33837051540953633
0.0013950000000000002,0.3389349550082982,0.3388888965244439
0.0013975,0.33944371849877164,0.3394072776393514
0.0014000000000000002,0.33995212904891176,0.33992565875425895
0.0014025,0.3404601866587186,0.3404440398691665
0.0014050000000000002,0.34096789132819205,0.34096242098407403
0.0014075000000000001,0.3414752430573322,0.341469772713558
0.00141,0.341982241846139,0.3419660950576184
0.0014125000000000001,0.34248888769461255,0.34246241740167876
0.001415,0.34299518060275286,0.34295873974573915
0.0014175000000000001,0.3435011205705597,0.3434550620897996
0.00142,0.34400670759803337,0.34395138443386
0.0014225000000000002,0.3445119416851736,0.34444770677792036
0.001425,0.3450168228319805,0.34494402912198074
0.0014275000000000002,0.3455213510384542,0.3454403514660412
0.00143,0.34602552630459454,0.34593667381010157
0.0014325000000000002,0.3465293486304016,0.346432996154162
0.001435,0.34703281801587527,0.3469293184982224
0.0014375000000000002,0.34753593446101566,0.3474256408422828
0.00144,0.3480386979658227,0.34792196318634316
0.0014425000000000002,0.34854110853029646,0.3484182855304036
0.001445,0.3490431661544369,0.348914607874464
0.0014475000000000002,0.3495448708382441,0.3494109302185244
0.0014500000000000001,0.35004622258171786,0.34990725256258476
0.0014525,0.35054722138485833,0.35040357490664514
0.0014550000000000001,0.35104786724766557,0.3508998972507056
0.0014575,0.3515481601701394,0.35139621959476597
0.0014600000000000001,0.35204810015228005,0.35189254193882635
0.0014625,0.35254768719408724,0.35238886428288674
0.0014650000000000002,0.3530469212955612,0.3528851866269472
0.0014675,0.35354580245670175,0.35338150897100756
0.0014700000000000002,0.35404433067750907,0.353877831315068
0.0014725,0.35454250595798303,0.35437415365912833
0.0014750000000000002,0.3550403282981237,0.3548704760031888
0.0014775,0.35553779769793104,0.35536679834724916
0.0014800000000000002,0.3560349141574051,0.3558631206913096
0.0014825,0.35653167767654587,0.35635944303537
0.0014850000000000002,0.35702808825535326,0.35685576537943037
0.0014875,0.3575241458938273,0.35735208772349075
0.0014900000000000002,0.35801985059196817,0.3578484100675512
0.0014925000000000001,0.3585152023497755,0.3583447324116116
0.001495,0.3590102011672497,0.35884105475567196
0.0014975000000000001,0.3595048470443905,0.35933737709973235
0.0015,0.3599991399811981,0.35983369944379273
0.0015025000000000001,0.36049307997767227,0.36033002178785317
0.001505,0.36098666703381316,0.36082634413191356
0.0015075000000000002,0.36147990114962075,0.36132266647597394
0.00151,0.361972782325095,0.3618189888200343
0.0015125000000000002,0.36246531056023595,0.36231531116409477
0.001515,0.36295748585504356,0.36281163350815515
0.0015175000000000002,0.36344930820951793,0.3633079558522156
0.00152,0.36394077762365884,0.3638042781962759
0.0015225000000000002,0.36443189409746657,0.36430060054033636
0.001525,0.3649226576309409,0.36479692288439675
0.0015275000000000002,0.36541306822408204,0.3652932452284572
0.0015300000000000001,0.3659031258768897,0.36578956757251757
0.0015325000000000002,0.3663928305893641,0.36628588991657796
0.0015350000000000001,0.3668821823615052,0.36678221226063834
0.0015375,0.36737118119331297,0.3672785346046987
0.0015400000000000001,0.36785982708478754,0.36777485694875917
0.0015425,0.36834812003592865,0.36827117929281955
0.0015450000000000001,0.3688360600467366,0.36876750163687994
0.0015475,0.369323647117211,0.3692638239809403
0.0015500000000000002,0.36981088124735223,0.36976014632500076
0.0015525,0.37029776243716017,0.37025646866906115
0.0015550000000000002,0.37078429068663477,0.37075279101312153
0.0015575,0.37127046599577607,0.3712491133571819
0.0015600000000000002,0.371756288364584,0.37174543570124235
0.0015625,0.3722417577930586,0.37224175804530274
0.0015650000000000002,0.3727268742812,0.372716021618516
0.0015675,0.373211637829008,0.37319028519172925
0.0015700000000000002,0.37369604843648274,0.3736645487649426
0.0015725000000000001,0.3741801061036241,0.3741388123381558
0.0015750000000000002,0.3746638108304322,0.3746130759113691
0.0015775000000000001,0.3751471626169069,0.37508733948458234
0.00158,0.37563016146304834,0.3755616030577956
0.0015825000000000001,0.3761128073688565,0.3760358666310089
0.001585,0.3765951003343313,0.37651013020422214
0.0015875000000000002,0.3770770403594728,0.3769843937774354
0.00159,0.3775586274442809,0.3774586573506487
0.0015925000000000002,0.37803986158875585,0.377932920923862
0.001595,0.3785207427928973,0.3784071844970752
0.0015975000000000002,0.37900127105670567,0.3788814480702885
0.0016,0.3794814463801805,0.3793557116435018
0.0016025000000000002,0.3799612687633222,0.3798299752167151
0.001605,0.3804407382061304,0.3803042387899283
0.0016075000000000002,0.38091985470860545,0.3807785023631416
0.00161,0.38139861827074706,0.3812527659363549
0.0016125000000000002,0.3818770288925554,0.38172702950956816
0.0016150000000000001,0.3823550865740305,0.3822012930827814
0.0016175000000000002,0.3828327913151722,0.3826755566559947
0.0016200000000000001,0.38331014311598055,0.38314982022920796
0.0016225,0.38378714197645564,0.3836240838024212
0.0016250000000000001,0.3842637878965975,0.3840983473756345
0.0016275,0.3847400808764059,0.38457261094884776
0.0016300000000000002,0.3852160209158811,0.38504687452206104
0.0016325,0.38569160801502284,0.3855211380952743
0.0016350000000000002,0.38616684217383146,0.38599540166848756
0.0016375,0.38664172339230657,0.38646966524170084
0.0016400000000000002,0.38711625167044844,0.38694392881491413
0.0016425,0.3875904270082571,0.38741819238812736
0.0016450000000000002,0.3880642494057323,0.38789245596134064
0.0016475,0.38853771886287425,0.38836671953455393
0.0016500000000000002,0.38901083537968284,0.3888409831077672
0.0016525,0.3894835989561582,0.38931524668098044
0.0016550000000000002,0.38995600959230015,0.3897895102541937
0.0016575000000000001,0.3904280672881088,0.390263773827407
0.0016600000000000002,0.3908997720435842,0.3907380374006203
0.0016625000000000001,0.3913711238587262,0.3912123009738335
0.001665,0.39184212273353497,0.39168656454704676
0.0016675000000000001,0.39231276866801035,0.3921608281202601
0.00167,0.39278306166215254,0.3926350916934733
0.0016725000000000002,0.3932530017159613,0.3931093552666866
0.001675,0.3937225888294368,0.3935836188398999
0.0016775000000000002,0.39419182300257893,0.3940578824131132
0.00168,0.3946607042353878,0.3945321459863264
0.0016825000000000002,0.39512923252786336,0.3950064095595397
0.001685,0.3955974078800055,0.3954806731327529
0.0016875000000000002,0.39606523029181445,0.39595493670596627
0.00169,0.3965326997632899,0.3964292002791795
0.0016925000000000002,0.3969998162944323,0.3969034638523928
0.0016950000000000001,0.3974665798852412,0.397377727425606
0.0016975000000000002,0.39793299053571696,0.39785199099881935
0.0017000000000000001,0.39839904824585926,0.3983262545720326
0.0017025000000000002,0.39886475301566815,0.39880051814524586
0.0017050000000000001,0.3993301048451439,0.3992747817184591
0.0017075,0.39979510373428623,0.3997490452916724
0.0017100000000000001,0.40025974968309536,0.40022330886488566
0.0017125,0.4007240426915711,0.4006975724380989
0.0017150000000000002,0.40118798275971357,0.4011718360113122
0.0017175,0.4016515698875226,0.40164609958452546
0.0017200000000000002,0.4021148040749984,0.40210933377231517
0.0017225,0.40257768532214094,0.4025615385746813
0.0017250000000000002,0.4030402136289501,0.4030137433770475
0.0017275,0.403502388995426,0.40346594817941356
0.0017300000000000002,0.4039642114215685,0.40391815298177974
0.0017325,0.4044256809073778,0.4043703577841459
0.0017350000000000002,0.40488679745285366,0.40482256258651206
0.0017375000000000001,0.4053475610579963,0.40527476738887813
0.0017400000000000002,0.40580797172280564,0.4057269721912443
0.0017425000000000001,0.40626802944728163,0.40617917699361045
0.0017450000000000002,0.4067277342314242,0.4066313817959766
0.0017475000000000001,0.4071870860752335,0.4070835865983427
0.00175,0.4076460849787096,0.40753579140070884
0.0017525000000000002,0.4081047309418523,0.407987996203075
0.001755,0.4085630239646617,0.40844020100544115
0.0017575000000000002,0.4090209640471378,0.4088924058078073
0.00176,0.40947855118928056,0.4093446106101734
0.0017625000000000002,0.40993578539109,0.4097968154125396
0.001765,0.4103926666525661,0.4102490202149057
0.0017675000000000002,0.410849194973709,0.41070122501727185
0.00177,0.4113053703545185,0.411153429819638
0.0017725000000000002,0.4117611927949946,0.41160563462200417
0.001775,0.4122166622951375,0.41205783942437024
0.0017775000000000002,0.4126717788549471,0.4125100442267364
0.0017800000000000001,0.4131265424744234,0.41296224902910256
0.0017825000000000002,0.4135809531535663,0.4134144538314687
0.0017850000000000001,0.41403501089237593,0.4138666586338348
0.0017875000000000002,0.41448871569085216,0.414318863436201
0.0017900000000000001,0.41494206754899515,0.41477106823856713
0.0017925,0.41539506646680485,0.41522327304093326
0.0017950000000000002,0.41584771244428126,0.4156754778432994
0.0017975,0.4163000054814242,0.4161276826456655
0.0018000000000000002,0.41675194557823403,0.4165798874480317
0.0018025,0.41720353273471034,0.41703209225039783
0.0018050000000000002,0.4176547669508535,0.41748429705276396
0.0018075,0.41810564822666324,0.4179365018551301
0.0018100000000000002,0.4185561765621397,0.4183887066574963
0.0018125,0.419006351957283,0.41884091145986235
0.0018150000000000002,0.4194561744120927,0.41929311626222854
0.0018175,0.41990564392656926,0.41974532106459467
0.0018200000000000002,0.4203547605007125,0.4201975258669608
0.0018225000000000001,0.4208035241345224,0.4206497306693269
0.0018250000000000002,0.42125193482799905,0.4211019354716931
0.0018275000000000001,0.42169999258114216,0.42155414027405924
0.0018300000000000002,0.42214769739395225,0.42200634507642537
0.0018325000000000001,0.42259504926642877,0.4224585498787915
0.001835,0.42304204819857216,0.42291075468115763
0.0018375000000000002,0.42348869419038215,0.4233629594835238
0.00184,0.4239349872418589,0.42381516428588994
0.0018425000000000002,0.4243809273530022,0.4242673690882561
0.001845,0.4248265145238123,0.4247195738906222
0.0018475000000000002,0.425271748754289,0.4251717786929884
0.00185,0.4257166300444325,0.42562398349535446
0.0018525000000000002,0.4261611583942426,0.42607618829772065
0.001855,0.42660533380371934,0.4265283931000868
0.0018575000000000002,0.4270491562728629,0.4269805979024529
0.00186,0.427492625801673,0.42743280270481904
0.0018625000000000002,0.4279357423901499,0.4278850075071852
0.0018650000000000001,0.42837850603829347,0.42833721230955135
0.0018675000000000002,0.4288209167461037,0.4287894171119175
0.0018700000000000001,0.42926297451358053,0.4292416219142836
0.0018725000000000002,0.42970467934072415,0.4296938267166498
0.0018750000000000001,0.43014603122753453,0.4301460315190159
0.0018775,0.43058703017401134,0.4305761775505349
0.0018800000000000002,0.43102767618015514,0.43100632358205393
0.0018825,0.4314679692459654,0.4314364696135729
0.0018850000000000002,0.43190790937144247,0.43186661564509193
0.0018875,0.43234749655658616,0.43229676167661096
0.0018900000000000002,0.4327867308013965,0.43272690770813
0.0018925,0.4332256121058735,0.43315705373964897
0.0018950000000000002,0.43366414047001733,0.433587199771168
0.0018975,0.43410231589382786,0.434017345802687
0.0019000000000000002,0.4345401383773049,0.43444749183420606
0.0019025000000000001,0.43497760792044876,0.43487763786572503
0.0019050000000000002,0.4354147245232592,0.43530778389724406
0.0019075000000000001,0.4358514881857365,0.43573792992876303
0.0019100000000000002,0.43628789890788033,0.43616807596028206
0.0019125000000000001,0.43672395668969094,0.4365982219918011
0.0019150000000000003,0.43715966153116814,0.4370283680233201
0.0019175000000000002,0.4375950134323121,0.4374585140548391
0.0019200000000000003,0.43803001239312267,0.43788866008635813
0.0019225000000000002,0.43846465841359994,0.43831880611787716
0.001925,0.43889895149374397,0.43874895214939613
0.0019275000000000002,0.43933289163355466,0.43917909818091516
0.00193,0.43976647883303205,0.43960924421243414
0.0019325000000000002,0.44019971309217604,0.44003939024395317
0.001935,0.44063259441098673,0.4404695362754722
0.0019375000000000002,0.44106512278946414,0.4408996823069912
0.00194,0.44149729822760825,0.4413298283385102
0.0019425000000000002,0.4419291207254191,0.44175997437002923
0.0019450000000000001,0.44236059028289654,0.4421901204015482
0.0019475000000000002,0.4427917069000407,0.44262026643306723
0.0019500000000000001,0.4432224705768515,0.44305041246458626
0.0019525000000000002,0.443652881313329,0.4434805584961053
0.001955,0.4440829391094732,0.44391070452762427
0.0019575,0.44451264396528417,0.4443408505591433
0.0019600000000000004,0.4449419958807618,0.4447709965906623
0.0019625000000000003,0.4453709948559059,0.44520114262218136
0.001965,0.44579964089071694,0.44563128865370033
0.0019675,0.4462279339851945,0.4460614346852193
0.00197,0.4466558741393388,0.44649158071673833
0.0019725000000000003,0.44708346135314997,0.44692172674825736
0.001975,0.44751069562662754,0.4473518727797764
0.0019775,0.4479375769597718,0.44778201881129537
0.00198,0.44836410535258286,0.44821216484281434
0.0019825000000000003,0.4487902808050608,0.4486423108743334
0.0019850000000000002,0.4492161033172051,0.44907245690585246
0.0019875,0.44964157288901624,0.44950260293737143
0.00199,0.450066689520494,0.4499327489688904
0.0019925000000000003,0.4504914532116386,0.4503628950004095
0.0019950000000000002,0.45091586396244976,0.45079304103192847
0.0019975,0.4513399217729276,0.4512231870634475
0.002,0.4517636266430721,0.45165333309496647
0.0020025000000000004,0.45218697857288337,0.45208347912648555
0.0020050000000000003,0.4526099775623612,0.45251362515800453
0.0020075,0.45303262361150576,0.4529437711895235
0.00201,0.45345491672031707,0.45337391722104253
0.0020125,0.453876856888795,0.4538040632525615
0.0020150000000000003,0.45429844411693965,0.4542342092840806
0.0020175,0.454719678404751,0.45466435531559957
0.00202,0.4551405597522291,0.4550945013471186
0.0020225,0.45556108815937374,0.45552464737863757
0.0020250000000000003,0.4559812636261852,0.45595479341015666
0.0020275000000000002,0.45640108615266334,0.45638493944167563
0.00203,0.456820555738808,0.4568150854731946
0.0020325,0.4572396723846193,0.45723420211929006
0.0020350000000000004,0.4576584360900976,0.457642289379962
0.0020375000000000002,0.4580768468552424,0.45805037664063386
0.00204,0.4584949046800539,0.45845846390130573
0.0020425,0.458912609564532,0.4588665511619776
0.0020450000000000004,0.459329961508677,0.45927463842264954
0.0020475000000000003,0.4597469605124884,0.4596827256833214
0.00205,0.4601636065759668,0.4600908129439933
0.0020525,0.4605798996991116,0.4604989002046651
0.002055,0.4609958398819233,0.460906987465337
0.0020575000000000003,0.4614114271244016,0.4613150747260089
0.00206,0.46182666142654644,0.4617231619866808
0.0020625,0.46224154278835816,0.46213124924735266
0.002065,0.46265607120983654,0.46253933650802453
0.0020675000000000003,0.4630702466909816,0.46294742376869646
0.0020700000000000002,0.46348406923179325,0.46335551102936834
0.0020725,0.4638975388322717,0.4637635982900402
0.002075,0.46431065549241674,0.4641716855507121
0.0020775000000000004,0.46472341921222854,0.464579772811384
0.0020800000000000003,0.46513582999170705,0.4649878600720559
0.0020825,0.4655478878308522,0.46539594733272777
0.002085,0.465959592729664,0.46580403459339964
0.0020875000000000004,0.46637094468814244,0.46621212185407157
0.0020900000000000003,0.4667819437062877,0.46662020911474344
0.0020925,0.4671925897840995,0.46702829637541526
0.002095,0.46760288292157814,0.46743638363608714
0.0020975,0.46801282311872333,0.467844470896759
0.0021000000000000003,0.46842241037553545,0.46825255815743094
0.0021025,0.468831644692014,0.4686606454181028
0.002105,0.46924052606815925,0.4690687326787747
0.0021075,0.4696490545039713,0.46947681993944657
0.0021100000000000003,0.47005722999945,0.4698849072001185
0.0021125000000000002,0.4704650525545955,0.47029299446079037
0.002115,0.4708725221694073,0.47070108172146224
0.0021175,0.4712796388438861,0.4711091689821341
0.0021200000000000004,0.4716864025780315,0.47151725624280605
0.0021225000000000003,0.4720928133718436,0.4719253435034779
0.002125,0.4724988712253224,0.4723334307641498
0.0021275,0.4729045761384679,0.47274151802482167
0.0021300000000000004,0.47330992811128014,0.4731496052854936
0.0021325000000000003,0.47371492714375896,0.4735576925461654
0.002135,0.4741195732359045,0.4739657798068373
0.0021375,0.4745238663877167,0.47437386706750917
0.00214,0.47492780659919565,0.47478195432818104
0.0021425000000000003,0.47533139387034123,0.475190041588853
0.002145,0.4757346282011535,0.47559812884952485
0.0021475,0.4761375095916324,0.4760062161101967
0.00215,0.476540038041778,0.4764143033708686
0.0021525000000000003,0.47694221355159044,0.4768223906315405
0.0021550000000000002,0.47734403612106935,0.4772304778922124
0.0021575,0.4777455057502151,0.4776385651528843
0.00216,0.4781466224390275,0.47804665241355615
0.0021625000000000004,0.47854738618750664,0.4784547396742281
0.0021650000000000003,0.4789477969956523,0.47886282693489995
0.0021675,0.47934785486346476,0.4792709141955718
0.00217,0.4797475597909439,0.47967900145624365
0.0021725000000000004,0.48014691177808966,0.48008708871691563
0.0021750000000000003,0.48054591082490217,0.48049517597758745
0.0021775,0.4809445569313814,0.4809032632382593
0.00218,0.4813428500975272,0.4813113504989312
0.0021825,0.48174079032333966,0.4817194377596031
0.0021850000000000003,0.48213837760881895,0.482127525020275
0.0021875,0.48253561195396494,0.4825356122809469
0.00219,0.4829324933587775,0.4829216407707716
0.0021925,0.4833290218232569,0.4833076692605964
0.0021950000000000003,0.4837251973474029,0.48369369775042115
0.0021975000000000002,0.48412101993121553,0.4840797262402459
0.0022,0.48451648957469473,0.48446575473007064
0.0022025,0.48491160627784086,0.48485178321989536
0.0022050000000000004,0.4853063700406536,0.4852378117097202
0.0022075000000000003,0.485700780863133,0.4856238401995449
0.00221,0.4860948387452791,0.4860098686893697
0.0022125,0.4864885436870918,0.4863958971791944
0.0022150000000000004,0.48688189568857126,0.48678192566901923
0.0022175000000000003,0.48727489474971747,0.48716795415884395
0.00222,0.48766754087053027,0.48755398264866867
0.0022225,0.4880598340510097,0.48794001113849345
0.002225,0.488451774291156,0.48832603962831816
0.0022275000000000003,0.4888433615909688,0.488712068118143
0.00223,0.4892345959504484,0.4890980966079677
0.0022325,0.4896254773695946,0.48948412509779243
0.002235,0.4900160058484076,0.4898701535876172
0.0022375000000000003,0.49040618138688724,0.490256182077442
0.0022400000000000002,0.4907960039850334,0.49064221056726676
0.0022425,0.49118547364284654,0.4910282390570915
0.002245,0.49157459036032614,0.49141426754691625
0.0022475000000000004,0.49196335413747266,0.491800296036741
0.0022500000000000003,0.4923517649742856,0.49218632452656574
0.0022525,0.49273982287076534,0.4925723530163905
0.002255,0.4931275278269117,0.49295838150621524
0.0022575000000000004,0.49351487984272485,0.49334440999604007
0.0022600000000000003,0.49390187891820464,0.4937304384858648
0.0022625,0.494288525053351,0.49411646697568956
0.002265,0.4946748182481643,0.4945024954655143
0.0022675,0.4950607585026441,0.494888523955339
0.0022700000000000003,0.4954463458167907,0.49527455244516383
0.0022725,0.4958315801906038,0.49566058093498855
0.002275,0.4962164616240838,0.4960466094248133
0.0022775,0.49660099011723036,0.49643263791463804
0.0022800000000000003,0.49698516567004364,0.49681866640446287
0.0022825000000000002,0.49736898828252357,0.4972046948942876
0.002285,0.49775245795467016,0.4975907233841123
0.0022875,0.4981355746864835,0.4979767518739371
0.0022900000000000004,0.49851833847796356,0.49836278036376186
0.0022925000000000003,0.49890074932911016,0.49874880885358663
0.002295,0.4992828072399236,0.49913483734341135
0.0022975,0.4996645122104037,0.49952086583323607
0.0023000000000000004,0.5000458642405504,0.4999068943230609
0.0023025000000000003,0.5004268633303638,0.5002929228128856
0.002305,0.5008075094798441,0.5006789513027103
0.0023075,0.5011878026889908,0.5010649797925351
0.00231,0.5015677429578043,0.5014510082823599
0.0023125000000000003,0.5019473302862844,0.5018370367721846
0.0023150000000000002,0.5023265646744313,0.5022230652620094
0.0023175,0.5027054461222448,0.5026090937518342
0.00232,0.5030839746297251,0.5029951222416589
0.0023225000000000003,0.503462150196872,0.5033811507314837
0.0023250000000000002,0.5038399728236855,0.5037671792213084
0.0023275,0.5042174425101659,0.5041532077111331
0.00233,0.5045945592563128,0.5045392362009579
0.0023325000000000004,0.5049713230621266,0.5049252646907827
0.0023350000000000003,0.5053477339276069,0.5053112931806074
0.0023375,0.505723791852754,0.5056973216704322
0.00234,0.5060994968375675,0.506083350160257
0.0023425000000000004,0.506474848882048,0.5064693786500818
0.0023450000000000003,0.506849847986195,0.5068443777544829
0.0023475,0.5072244941500087,0.5072083474734606
0.00235,0.5075987873734893,0.5075723171924381
0.0023525,0.5079727276566364,0.5079362869114158
0.0023550000000000003,0.5083463149994503,0.5083002566303935
0.0023575000000000002,0.5087195494019308,0.508664226349371
0.00236,0.5090924308640778,0.5090281960683486
0.0023625,0.5094649593858919,0.5093921657873263
0.0023650000000000003,0.5098371349673725,0.5097561355063039
0.0023675000000000002,0.5102089576085196,0.5101201052252815
0.00237,0.5105804273093334,0.5104840749442592
0.0023725,0.5109515440698141,0.5108480446632367
0.0023750000000000004,0.5113223078899615,0.5112120143822144
0.0023775000000000003,0.5116927187697755,0.5115759841011921
0.00238,0.5120627767092562,0.5119399538201697
0.0023825,0.5124324817084035,0.5123039235391472
0.0023850000000000004,0.5128018337672176,0.5126678932581249
0.0023875000000000003,0.5131708328856982,0.5130318629771026
0.00239,0.5135394790638458,0.5133958326960801
0.0023925,0.5139077723016597,0.5137598024150578
0.002395,0.5142757125991405,0.5141237721340354
0.0023975000000000003,0.514643299956288,0.514487741853013
0.0024000000000000002,0.5150105343731022,0.5148517115719907
0.0024025,0.515377415849583,0.5152156812909683
0.002405,0.5157439443857305,0.5155796510099458
0.0024075000000000004,0.5161101199815448,0.5159436207289235
0.0024100000000000002,0.5164759426370257,0.5163075904479012
0.0024125,0.5168414123521732,0.5166715601668788
0.002415,0.5172065291269875,0.5170355298858564
0.0024175000000000004,0.5175712929614684,0.5173994996048341
0.0024200000000000003,0.517935703855616,0.5177634693238117
0.0024225,0.5182997618094304,0.5181274390427894
0.002425,0.5186634668229113,0.5184914087617669
0.0024275000000000004,0.5190268188960591,0.5188553784807446
0.0024300000000000003,0.5193898180288735,0.5192193481997223
0.0024325,0.5197524642213545,0.5195833179186998
0.002435,0.5201147574735022,0.5199472876376774
0.0024375,0.5204766977853167,0.5203112573566551
0.0024400000000000003,0.5208382851567979,0.5206752270756327
0.0024425000000000002,0.5211995195879456,0.5210391967946103
0.002445,0.5215604010787601,0.521403166513588
0.0024475,0.5219209296292413,0.5217671362325655
0.0024500000000000004,0.5222811052393892,0.5221311059515432
0.0024525000000000003,0.5226409279092036,0.5224950756705209
0.002455,0.5230003976386849,0.5228590453894985
0.0024575,0.5233595144278327,0.523223015108476
0.0024600000000000004,0.5237182782766474,0.5235869848274537
0.0024625000000000003,0.5240766891851287,0.5239509545464314
0.002465,0.5244347471532766,0.5243149242654089
0.0024675,0.5247924521810913,0.5246788939843866
0.0024700000000000004,0.5251498042685727,0.5250428637033643
0.0024725000000000003,0.5255068034157206,0.5254068334223418
0.002475,0.5258634496225354,0.5257708031413195
0.0024775,0.5262197428890167,0.5261347728602971
0.00248,0.5265756832151648,0.5264987425792746
0.0024825000000000003,0.5269312706009796,0.5268627122982523
0.0024850000000000002,0.527286505046461,0.52722668201723
0.0024875,0.5276413865516091,0.5275906517362076
0.00249,0.527995915116424,0.5279546214551852
0.0024925000000000004,0.5283500907409056,0.5283185911741629
0.0024950000000000003,0.5287039134250536,0.5286825608931405
0.0024975,0.5290573831688685,0.5290465306121181
0.0025,0.5294104999723501,0.5294105003310957
0.0025025000000000004,0.5297632638354983,0.5297524112792262
0.0025050000000000003,0.5301156747583133,0.5300943222273568
0.0025075,0.5304677327407948,0.5304362331754873
0.00251,0.5308194377829432,0.5307781441236177
0.0025125000000000004,0.5311707898847581,0.5311200550717482
0.0025150000000000003,0.5315217890462399,0.5314619660198787
0.0025175,0.5318724352673881,0.5318038769680092
0.00252,0.5322227285482032,0.5321457879161396
0.0025225,0.5325726688886849,0.5324876988642702
0.0025250000000000003,0.5329222562888334,0.5328296098124007
0.0025275000000000002,0.5332714907486484,0.5331715207605312
0.00253,0.5336203722681302,0.5335134317086616
0.0025325,0.5339689008472787,0.5338553426567921
0.0025350000000000004,0.5343170764860938,0.5341972536049227
0.0025375000000000003,0.5346648991845756,0.5345391645530532
0.00254,0.5350123689427241,0.5348810755011837
0.0025425,0.5353594857605394,0.5352229864493141
0.0025450000000000004,0.5357062496380213,0.5355648973974446
0.0025475000000000003,0.5360526605751699,0.5359068083455751
0.00255,0.5363987185719851,0.5362487192937057
0.0025525,0.5367444236284671,0.5365906302418361
0.0025550000000000004,0.5370897757446157,0.5369325411899667
0.0025575000000000003,0.537434774920431,0.5372744521380971
0.00256,0.5377794211559132,0.5376163630862276
0.0025625,0.5381237144510617,0.5379582740343581
0.002565,0.538467654805877,0.5383001849824885
0.0025675000000000003,0.5388112422203591,0.5386420959306191
0.0025700000000000002,0.5391544766945078,0.5389840068787496
0.0025725,0.5394973582283232,0.5393259178268801
0.002575,0.5398398868218054,0.5396678287750105
0.0025775000000000004,0.5401820624749543,0.5400097397231411
0.0025800000000000003,0.5405238851877697,0.5403516506712716
0.0025825,0.5408653549602519,0.5406935616194021
0.002585,0.5412064717924007,0.5410354725675326
0.0025875000000000004,0.5415472356842163,0.5413773835156631
0.0025900000000000003,0.5418876466356984,0.5417192944637935
0.0025925,0.5422277046468473,0.542061205411924
0.002595,0.5425674097176629,0.5424031163600546
0.0025975000000000004,0.5429067618481451,0.5427450273081851
0.0026000000000000003,0.5432457610382943,0.5430869382563156
0.0026025,0.5435844072881099,0.543428849204446
0.002605,0.5439227005975922,0.5437707601525765
0.0026075,0.5442606409667411,0.544112671100707
0.0026100000000000003,0.5445982283955569,0.5444545820488376
0.0026125000000000002,0.5449354628840393,0.544796492996968
0.002615,0.5452723444321884,0.5451384039450985
0.0026175,0.5456088730400042,0.545480314893229
0.0026200000000000004,0.5459450487074865,0.5458222258413595
0.0026225000000000003,0.5462808714346357,0.54616413678949
0.002625,0.5466163412214514,0.5465060477376205
0.0026275,0.5469514580679339,0.546847958685751
0.0026300000000000004,0.5472862219740832,0.5471898696338815
0.0026325000000000003,0.5476206329398989,0.547531780582012
0.002635,0.5479546909653815,0.5478736915301424
0.0026375,0.5482883960505308,0.548215602478273
0.0026400000000000004,0.5486217481953468,0.5485575134264035
0.0026425000000000003,0.5489547473998293,0.548899424374534
0.002645,0.5492873936639787,0.5492413353226645
0.0026475,0.5496196869877945,0.5495832462707949
0.00265,0.5499516273712773,0.5499251572189254
0.0026525000000000003,0.5502832148144267,0.550267068167056
0.0026550000000000002,0.5506144493172427,0.5506089791151865
0.0026575,0.5509453308797254,0.5509398606778934
0.00266,0.5512758595018747,0.5512597128551767
0.0026625000000000004,0.5516060351836909,0.5515795650324601
0.0026650000000000003,0.5519358579251736,0.5518994172097434
0.0026675,0.5522653277263231,0.5522192693870268
0.00267,0.5525944445871391,0.5525391215643102
0.0026725000000000004,0.5529232085076222,0.5528589737415935
0.0026750000000000003,0.5532516194877717,0.5531788259188769
0.0026775,0.5535796775275877,0.5534986780961603
0.00268,0.5539073826270706,0.5538185302734436
0.0026825000000000004,0.5542347347862202,0.554138382450727
0.0026850000000000003,0.5545617340050365,0.5544582346280104
0.0026875000000000002,0.5548883802835194,0.5547780868052937
0.00269,0.5552146736216691,0.5550979389825771
0.0026925,0.5555406140194853,0.5554177911598605
0.0026950000000000003,0.5558662014769684,0.5557376433371438
0.0026975000000000002,0.5561914359941181,0.5560574955144272
0.0027,0.5565163175709344,0.5563773476917105
0.0027025,0.5568408462074174,0.5566971998689939
0.0027050000000000004,0.5571650219035671,0.5570170520462773
0.0027075000000000003,0.5574888446593836,0.5573369042235606
0.00271,0.5578123144748667,0.557656756400844
0.0027125,0.5581354313500165,0.5579766085781274
0.0027150000000000004,0.5584581952848331,0.5582964607554107
0.0027175000000000003,0.5587806062793161,0.5586163129326941
0.00272,0.559102664333466,0.5589361651099775
0.0027225,0.5594243694472826,0.5592560172872608
0.0027250000000000004,0.5597457216207659,0.5595758694645442
0.0027275000000000003,0.5600667208539156,0.5598957216418275
0.0027300000000000002,0.5603873671467323,0.5602155738191109
0.0027325,0.5607076604992154,0.5605354259963943
0.002735,0.5610276009113655,0.5608552781736776
0.0027375000000000003,0.5613471883831821,0.561175130350961
0.0027400000000000002,0.5616664229146655,0.5614949825282444
0.0027425,0.5619853045058154,0.5618148347055277
0.002745,0.5623038331566321,0.5621346868828111
0.0027475000000000004,0.5626220088671157,0.5624545390600945
0.0027500000000000003,0.5629398316372656,0.5627743912373778
0.0027525,0.5632573014670824,0.5630942434146612
0.002755,0.5635744183565657,0.5634140955919446
0.0027575000000000004,0.563891182305716,0.5637339477692279
0.0027600000000000003,0.5642075933145327,0.5640537999465113
0.0027625,0.5645236513830162,0.5643736521237946
0.002765,0.5648393565111663,0.564693504301078
0.0027675000000000004,0.5651547086989832,0.5650133564783615
0.0027700000000000003,0.5654697079464668,0.5653332086556447
0.0027725000000000002,0.565784354253617,0.5656530608329281
0.002775,0.566098647620434,0.5659729130102115
0.0027775,0.5664125880469175,0.5662927651874948
0.0027800000000000004,0.5667261755330678,0.5666126173647782
0.0027825000000000003,0.5670394100788849,0.5669324695420616
0.002785,0.5673522916843685,0.5672523217193449
0.0027875,0.5676648203495188,0.5675721738966283
0.0027900000000000004,0.5679769960743358,0.5678920260739118
0.0027925000000000003,0.5682888188588195,0.568211878251195
0.002795,0.5686002887029699,0.5685317304284784
0.0027975,0.5689114056067871,0.5688515826057617
0.0028000000000000004,0.5692221695702708,0.5691714347830452
0.0028025000000000003,0.5695325805934213,0.5694912869603285
0.002805,0.5698426386762384,0.5698111391376118
0.0028075,0.5701523438187223,0.5701309913148952
0.0028100000000000004,0.5704616960208728,0.5704508434921787
0.0028125000000000003,0.57077069528269,0.5707706956694619
0.0028150000000000002,0.5710793416041738,0.5710684890758982
0.0028175,0.5713876349853243,0.5713662824823345
0.00282,0.5716955754261416,0.5716640758887707
0.0028225000000000004,0.5720031629266256,0.5719618692952069
0.0028250000000000003,0.5723103974867761,0.5722596627016432
0.0028275,0.5726172791065934,0.5725574561080794
0.00283,0.5729238077860774,0.5728552495145156
0.0028325000000000004,0.5732299835252282,0.5731530429209518
0.0028350000000000003,0.5735358063240455,0.573450836327388
0.0028375,0.5738412761825297,0.5737486297338243
0.00284,0.5741463931006803,0.5740464231402606
0.0028425000000000004,0.5744511570784978,0.5743442165466968
0.0028450000000000003,0.5747555681159818,0.574642009953133
0.0028475,0.5750596262131326,0.5749398033595693
0.00285,0.5753633313699501,0.5752375967660055
0.0028525000000000004,0.5756666835864342,0.5755353901724417
0.0028550000000000003,0.5759696828625851,0.5758331835788779
0.0028575000000000002,0.5762723291984025,0.5761309769853141
0.00286,0.5765746225938868,0.5764287703917504
0.0028625,0.5768765630490377,0.5767265637981867
0.0028650000000000004,0.5771781505638554,0.5770243572046229
0.0028675000000000003,0.5774793851383396,0.5773221506110591
0.00287,0.5777802667724906,0.5776199440174954
0.0028725,0.5780807954663081,0.5779177374239316
0.0028750000000000004,0.5783809712197924,0.5782155308303678
0.0028775000000000003,0.5786807940329435,0.578513324236804
0.00288,0.5789802639057611,0.5788111176432403
0.0028825,0.5792793808382456,0.5791089110496765
0.0028850000000000004,0.5795781448303966,0.5794067044561128
0.0028875000000000003,0.5798765558822143,0.579704497862549
0.00289,0.5801746139936989,0.5800022912689852
0.0028925,0.5804723191648499,0.5803000846754215
0.0028950000000000004,0.5807696713956678,0.5805978780818577
0.0028975000000000003,0.5810666706861523,0.5808956714882939
0.0029000000000000002,0.5813633170363034,0.5811934648947301
0.0029025,0.5816596104461211,0.5814912583011664
0.002905,0.5819555509156058,0.5817890517076026
0.0029075000000000004,0.582251138444757,0.5820868451140389
0.0029100000000000003,0.5825463730335749,0.5823846385204751
0.0029125,0.5828412546820595,0.5826824319269113
0.002915,0.5831357833902108,0.5829802253333476
0.0029175000000000004,0.5834299591580289,0.5832780187397838
0.0029200000000000003,0.5837237819855134,0.58357581214622
0.0029225,0.5840172518726648,0.5838736055526562
0.002925,0.5843103688194828,0.5841713989590925
0.0029275000000000004,0.5846031328259675,0.5844691923655287
0.0029300000000000003,0.5848955438921188,0.584766985771965
0.0029325,0.585187602017937,0.5850647791784012
0.002935,0.5854793072034217,0.5853625725848374
0.0029375000000000004,0.5857706594485731,0.5856603659912737
0.0029400000000000003,0.5860616587533913,0.5859581593977099
0.0029425000000000002,0.5863523051178761,0.5862559528041461
0.002945,0.5866425985420277,0.5865537462105823
0.0029475,0.5869325390258459,0.5868515396170186
0.0029500000000000004,0.5872221265693308,0.5871493330234548
0.0029525000000000003,0.5875113611724823,0.587447126429891
0.002955,0.5878002428353005,0.5877449198363273
0.0029575,0.5880887715577855,0.5880427132427635
0.0029600000000000004,0.5883769473399371,0.5883405066491998
0.0029625000000000003,0.5886647701817554,0.588638300055636
0.002965,0.5889522400832403,0.5889360934620722
0.0029675,0.589239357044392,0.5892338868685084
0.0029700000000000004,0.5895261210652104,0.5895206508895212
0.0029725000000000003,0.5898125321456954,0.5897963855251103
0.002975,0.5900985902858472,0.5900721201606993
0.0029775,0.5903842954856656,0.5903478547962885
0.0029800000000000004,0.5906696477451507,0.5906235894318776
0.0029825000000000003,0.5909546470643025,0.5908993240674667
0.0029850000000000002,0.5912392934431209,0.5911750587030558
0.0029875,0.591523586881606,0.5914507933386449
0.00299,0.591807527379758,0.591726527974234
0.0029925000000000004,0.5920911149375765,0.5920022626098231
0.0029950000000000003,0.5923743495550616,0.5922779972454122
0.0029975,0.5926572312322136,0.5925537318810014
0.003,0.5929397599690321,0.5928294665165904
0.0030025000000000004,0.5932219357655174,0.5931052011521796
0.0030050000000000003,0.5935037586216693,0.5933809357877686
0.0030075,0.5937852285374879,0.5936566704233578
0.00301,0.5940663455129732,0.5939324050589468
0.0030125000000000004,0.5943471095481252,0.594208139694536
0.0030150000000000003,0.5946275206429439,0.5944838743301251
0.0030175,0.5949075787974293,0.5947596089657141
0.00302,0.5951872840115813,0.5950353436013033
0.0030225000000000004,0.5954666362854001,0.5953110782368924
0.0030250000000000003,0.5957456356188856,0.5955868128724815
0.0030275000000000002,0.5960242820120376,0.5958625475080706
0.00303,0.5963025754648564,0.5961382821436597
0.0030325,0.5965805159773419,0.5964140167792488
0.0030350000000000004,0.5968581035494941,0.5966897514148379
0.0030375000000000003,0.597135338181313,0.596965486050427
0.00304,0.5974122198727985,0.5972412206860161
0.0030425,0.5976887486239507,0.5975169553216052
0.0030450000000000004,0.5979649244347696,0.5977926899571944
0.0030475000000000003,0.5982407473052552,0.5980684245927834
0.00305,0.5985162172354075,0.5983441592283726
0.0030525,0.5987913342252265,0.5986198938639616
0.0030550000000000004,0.5990660982747121,0.5988956284995508
0.0030575000000000003,0.5993405093838644,0.5991713631351399
0.0030600000000000002,0.5996145675526835,0.599447097770729
0.0030625,0.5998882727811692,0.5997228324063181
0.0030650000000000004,0.6001616250693217,0.5999985670419072
0.0030675000000000003,0.6004346244171407,0.6002743016774963
0.0030700000000000002,0.6007072708246265,0.6005500363130855
0.0030725,0.6009795642917788,0.6008257709486745
0.003075,0.601251504818598,0.6011015055842636
0.0030775000000000004,0.6015230924050838,0.6013772402198527
0.0030800000000000003,0.6017943270512363,0.6016529748554418
0.0030825,0.6020652087570555,0.6019287094910309
0.003085,0.6023357375225414,0.60220444412662
0.0030875000000000004,0.6026059133476941,0.6024801787622092
0.0030900000000000003,0.6028757362325132,0.6027559133977982
0.0030925,0.6031452061769992,0.6030316480333874
0.003095,0.6034143231811516,0.6033073826689764
0.0030975000000000004,0.603683087244971,0.6035831173045656
0.0031000000000000003,0.603951498368457,0.6038588519401547
0.0031025000000000002,0.6042195565516096,0.6041345865757438
0.003105,0.604487261794429,0.6044103212113329
0.0031075000000000005,0.604754614096915,0.604686055846922
0.0031100000000000004,0.6050216134590678,0.6049617904825111
0.0031125000000000002,0.6052882598808871,0.6052375251181003
0.003115,0.6055545533623733,0.6055132597536893
0.0031175,0.6058204939035261,0.6057889943892784
0.0031200000000000004,0.6060860815043455,0.6060647290248675
0.0031225000000000003,0.6063513161648317,0.6063404636604567
0.003125,0.6066161978849844,0.6066161982960457
0.0031275,0.606880726664804,0.6068698741607877
0.0031300000000000004,0.6071449025042902,0.6071235500255298
0.0031325000000000003,0.6074087254034432,0.6073772258902717
0.003135,0.6076721953622626,0.6076309017550137
0.0031375,0.6079353123807489,0.6078845776197557
0.0031400000000000004,0.6081980764589019,0.6081382534844977
0.0031425000000000003,0.6084604875967216,0.6083919293492396
0.0031450000000000002,0.6087225457942078,0.6086456052139816
0.0031475,0.6089842510513609,0.6088992810787236
0.0031500000000000005,0.6092456033681806,0.6091529569434656
0.0031525000000000004,0.6095066027446668,0.6094066328082075
0.0031550000000000003,0.6097672491808199,0.6096603086729495
0.0031575,0.6100275426766396,0.6099139845376914
0.00316,0.6102874832321261,0.6101676604024334
0.0031625000000000004,0.6105470708472792,0.6104213362671754
0.0031650000000000003,0.6108063055220989,0.6106750121319174
0.0031675,0.6110651872565854,0.6109286879966593
0.00317,0.6113237160507385,0.6111823638614013
0.0031725000000000004,0.6115818919045585,0.6114360397261434
0.0031750000000000003,0.611839714818045,0.6116897155908854
0.0031775,0.6120971847911983,0.6119433914556273
0.00318,0.6123543018240181,0.6121970673203693
0.0031825000000000004,0.6126110659165047,0.6124507431851113
0.0031850000000000003,0.612867477068658,0.6127044190498533
0.0031875000000000002,0.6131235352804779,0.6129580949145952
0.00319,0.6133792405519646,0.6132117707793372
0.0031925000000000005,0.613634592883118,0.6134654466440792
0.0031950000000000004,0.613889592273938,0.6137191225088212
0.0031975000000000003,0.6141442387244246,0.6139727983735631
0.0032,0.6143985322345781,0.6142264742383051
0.0032025,0.614652472804398,0.6144801501030471
0.0032050000000000004,0.6149060604338848,0.6147338259677891
0.0032075000000000003,0.6151592951230382,0.614987501832531
0.00321,0.6154121768718585,0.615241177697273
0.0032125,0.6156647056803451,0.615494853562015
0.0032150000000000004,0.6159168815484987,0.6157485294267571
0.0032175000000000003,0.6161687044763189,0.616002205291499
0.00322,0.6164201744638057,0.616255881156241
0.0032225,0.6166712915109593,0.6165095570209829
0.0032250000000000004,0.6169220556177796,0.616763232885725
0.0032275000000000003,0.6171724667842665,0.6170169087504669
0.0032300000000000002,0.61742252501042,0.6172705846152089
0.0032325,0.6176722302962404,0.6175242604799508
0.0032350000000000005,0.6179215826417275,0.6177779363446928
0.0032375000000000004,0.618170582046881,0.6180316122094348
0.0032400000000000003,0.6184192285117014,0.6182852880741768
0.0032425,0.6186675220361884,0.6185389639389187
0.003245,0.6189154626203421,0.6187926398036607
0.0032475000000000004,0.6191630502641625,0.6190463156684027
0.0032500000000000003,0.6194102849676496,0.6192999915331447
0.0032525,0.6196571667308034,0.6195536673978866
0.003255,0.6199036955536239,0.6198073432626287
0.0032575000000000004,0.620149871436111,0.6200610191273707
0.0032600000000000003,0.6203956943782648,0.6203146949921127
0.0032625,0.6206411643800854,0.6205683708568546
0.003265,0.6208862814415724,0.6208220467215966
0.0032675000000000004,0.6211310455627264,0.6210757225863386
0.0032700000000000003,0.621375456743547,0.6213293984510806
0.0032725000000000002,0.6216195149840342,0.6215830743158225
0.003275,0.6218632202841882,0.6218367501805645
0.0032775000000000005,0.6221065726440087,0.6220904260453065
0.0032800000000000004,0.6223495720634962,0.6223441019100485
0.0032825000000000003,0.6225922185426501,0.6225867483893669
0.003285,0.6228345120814708,0.6228183654832617
0.0032875,0.6230764526799581,0.6230499825771566
0.0032900000000000004,0.6233180403381122,0.6232815996710515
0.0032925000000000003,0.6235592750559329,0.6235132167649463
0.003295,0.6238001568334203,0.6237448338588412
0.0032975,0.6240406856705744,0.623976450952736
0.0033000000000000004,0.6242808615673952,0.6242080680466309
0.0033025000000000003,0.6245206845238828,0.6244396851405257
0.003305,0.6247601545400367,0.6246713022344206
0.0033075,0.6249992716158578,0.6249029193283153
0.0033100000000000004,0.6252380357513453,0.6251345364222103
0.0033125000000000003,0.6254764469464995,0.6253661535161051
0.0033150000000000002,0.6257145052013204,0.6255977706099999
0.0033175,0.625952210515808,0.6258293877038947
0.0033200000000000005,0.6261895628899622,0.6260610047977897
0.0033225000000000004,0.6264265623237831,0.6262926218916844
0.0033250000000000003,0.6266632088172709,0.6265242389855793
0.0033275,0.626899502370425,0.6267558560794741
0.00333,0.6271354429832462,0.626987473173369
0.0033325000000000004,0.6273710306557339,0.6272190902672639
0.0033350000000000003,0.6276062653878882,0.6274507073611587
0.0033375,0.6278411471797093,0.6276823244550536
0.00334,0.628075676031197,0.6279139415489484
0.0033425000000000004,0.6283098519423516,0.6281455586428433
0.0033450000000000003,0.6285436749131725,0.6283771757367381
0.0033475,0.6287771449436603,0.628608792830633
0.00335,0.6290102620338148,0.6288404099245278
0.0033525000000000004,0.6292430261836361,0.6290720270184227
0.0033550000000000003,0.6294754373931238,0.6293036441123175
0.0033575000000000002,0.6297074956622785,0.6295352612062124
0.00336,0.6299392009910997,0.6297668783001072
0.0033625000000000005,0.6301705533795876,0.6299984953940021
0.0033650000000000004,0.6304015528277422,0.630230112487897
0.0033675000000000003,0.6306321993355635,0.6304617295817918
0.00337,0.6308624929030515,0.6306933466756867
0.0033725,0.631092433530206,0.6309249637695815
0.0033750000000000004,0.6313220212170275,0.6311565808634764
0.0033775000000000003,0.6315512559635155,0.6313881979573712
0.00338,0.6317801377696702,0.6316198150512661
0.0033825,0.6320086666354916,0.6318514321451609
0.0033850000000000004,0.6322368425609797,0.6320830492390558
0.0033875000000000003,0.6324646655461346,0.6323146663329506
0.0033900000000000002,0.6326921355909559,0.6325462834268455
0.0033925,0.6329192526954441,0.6327779005207403
0.0033950000000000004,0.6331460168595989,0.6330095176146352
0.0033975000000000003,0.6333724280834204,0.63324113470853
0.0034000000000000002,0.6335984863669086,0.6334727518024249
0.0034025,0.6338241917100634,0.6337043688963196
0.0034050000000000005,0.634049544112885,0.6339359859902146
0.0034075000000000004,0.6342745435753733,0.6341676030841095
0.0034100000000000003,0.6344991900975283,0.6343992201780042
0.0034125,0.6347234836793497,0.6346308372718991
0.003415,0.6349474243208381,0.6348624543657939
0.0034175000000000004,0.6351710120219931,0.6350940714596889
0.0034200000000000003,0.6353942467828148,0.6353256885535836
0.0034225,0.6356171286033031,0.6355573056474785
0.003425,0.6358396574834583,0.6357889227413733
0.0034275000000000004,0.6360618334232799,0.6360205398352682
0.0034300000000000003,0.6362836564227683,0.636252156929163
0.0034325000000000002,0.6365051264819235,0.6364837740230579
0.003435,0.6367262436007451,0.6367153911169527
0.0034375000000000005,0.6369470077792337,0.6369470082108476
0.0034400000000000003,0.6371674190173888,0.6371565665338953
0.0034425000000000002,0.6373874773152107,0.6373661248569431
0.003445,0.6376071826726992,0.6375756831799908
0.0034475000000000005,0.6378265350898544,0.6377852415030385
0.0034500000000000004,0.6380455345666763,0.6379947998260862
0.0034525000000000003,0.6382641811031649,0.638204358149134
0.003455,0.6384824746993202,0.6384139164721817
0.0034575,0.6387004153551421,0.6386234747952294
0.0034600000000000004,0.6389180030706307,0.6388330331182771
0.0034625000000000003,0.6391352378457861,0.6390425914413248
0.003465,0.6393521196806081,0.6392521497643726
0.0034675,0.6395686485750968,0.6394617080874203
0.0034700000000000004,0.6397848245292521,0.639671266410468
0.0034725000000000003,0.6400006475430743,0.6398808247335157
0.0034750000000000002,0.6402161176165629,0.6400903830565634
0.0034775,0.6404312347497184,0.6402999413796112
0.0034800000000000005,0.6406459989425406,0.6405094997026589
0.0034825000000000004,0.6408604101950293,0.6407190580257066
0.0034850000000000003,0.6410744685071847,0.6409286163487543
0.0034875,0.6412881738790069,0.6411381746718021
0.0034900000000000005,0.6415015263104958,0.6413477329948498
0.0034925000000000004,0.6417145258016513,0.6415572913178975
0.0034950000000000003,0.6419271723524737,0.6417668496409452
0.0034975,0.6421394659629625,0.6419764079639929
0.0035,0.6423514066331182,0.6421859662870407
0.0035025000000000004,0.6425629943629404,0.6423955246100884
0.0035050000000000003,0.6427742291524293,0.6426050829331361
0.0035075,0.642985111001585,0.6428146412561838
0.00351,0.6431956399104074,0.6430241995792316
0.0035125000000000004,0.6434058158788964,0.6432337579022793
0.0035150000000000003,0.6436156389070521,0.643443316225327
0.0035175000000000002,0.6438251089948744,0.6436528745483747
0.00352,0.6440342261423635,0.6438624328714224
0.0035225000000000005,0.6442429903495193,0.6440719911944702
0.0035250000000000004,0.6444514016163417,0.6442815495175179
0.0035275000000000003,0.6446594599428309,0.6444911078405656
0.00353,0.6448671653289867,0.6447006661636133
0.0035325000000000005,0.6450745177748093,0.6449102244866611
0.0035350000000000004,0.6452815172802985,0.6451197828097088
0.0035375000000000003,0.6454881638454543,0.6453293411327565
0.00354,0.6456944574702769,0.6455388994558042
0.0035425,0.645900398154766,0.6457484577788519
0.0035450000000000004,0.646105985898922,0.6459580161018997
0.0035475000000000003,0.6463112207027446,0.6461675744249474
0.00355,0.6465161025662339,0.6463771327479951
0.0035525,0.6467206314893899,0.6465866910710428
0.0035550000000000004,0.6469248074722125,0.6467962493940906
0.0035575000000000003,0.6471286305147019,0.6470058077171383
0.0035600000000000002,0.6473321006168579,0.647215366040186
0.0035625,0.6475352177786808,0.6474249243632337
0.0035650000000000005,0.6477379820001702,0.6476344826862815
0.0035675000000000004,0.6479403932813262,0.6478440410093292
0.0035700000000000003,0.648142451622149,0.6480535993323769
0.0035725,0.6483441570226384,0.6482631576554246
0.0035750000000000005,0.6485455094827945,0.6484727159784724
0.0035775000000000004,0.6487465090026173,0.6486822743015201
0.0035800000000000003,0.648947155582107,0.6488918326245678
0.0035825,0.6491474492212631,0.6491013909476155
0.003585,0.6493473899200861,0.6493109492706632
0.0035875000000000004,0.6495469776785756,0.649520507593711
0.0035900000000000003,0.6497462124967319,0.6497300659167587
0.0035925,0.6499450943745548,0.6499396242398064
0.003595,0.6501436233120444,0.6501381531774306
0.0035975000000000004,0.6503417993092009,0.6503256527296312
0.0036000000000000003,0.6505396223660237,0.6505131522818318
0.0036025000000000002,0.6507370924825135,0.6507006518340324
0.003605,0.6509342096586698,0.650888151386233
0.0036075000000000005,0.6511309738944929,0.6510756509384336
0.0036100000000000004,0.6513273851899827,0.6512631504906342
0.0036125000000000003,0.651523443545139,0.6514506500428348
0.003615,0.6517191489599622,0.6516381495950353
0.0036175000000000005,0.651914501434452,0.651825649147236
0.0036200000000000004,0.6521095009686085,0.6520131486994365
0.0036225000000000003,0.6523041475624316,0.6522006482516371
0.003625,0.6524984412159215,0.6523881478038377
0.0036275,0.652692381929078,0.6525756473560383
0.0036300000000000004,0.6528859697019013,0.6527631469082389
0.0036325000000000003,0.6530792045343912,0.6529506464604395
0.003635,0.6532720864265478,0.6531381460126401
0.0036375,0.653464615378371,0.6533256455648407
0.0036400000000000004,0.653656791389861,0.6535131451170413
0.0036425000000000003,0.6538486144610176,0.6537006446692419
0.0036450000000000002,0.6540400845918409,0.6538881442214425
0.0036475,0.6542312017823311,0.654075643773643
0.0036500000000000005,0.6544219660324877,0.6542631433258437
0.0036525000000000004,0.6546123773423111,0.6544506428780442
0.0036550000000000003,0.6548024357118012,0.6546381424302449
0.0036575,0.6549921411409579,0.6548256419824454
0.0036600000000000005,0.6551814936297814,0.6550131415346461
0.0036625000000000004,0.6553704931782715,0.6552006410868466
0.0036650000000000003,0.6555591397864283,0.6553881406390473
0.0036675,0.6557474334542518,0.6555756401912478
0.00367,0.655935374181742,0.6557631397434484
0.0036725000000000004,0.6561229619688989,0.655950639295649
0.0036750000000000003,0.6563101968157224,0.6561381388478497
0.0036775,0.6564970787222126,0.6563256384000502
0.00368,0.6566836076883695,0.6565131379522507
0.0036825000000000004,0.6568697837141932,0.6567006375044514
0.0036850000000000003,0.6570556067996834,0.6568881370566519
0.0036875000000000002,0.6572410769448405,0.6570756366088526
0.00369,0.6574261941496641,0.6572631361610531
0.0036925000000000005,0.6576109584141545,0.6574506357132538
0.0036950000000000004,0.6577953697383115,0.6576381352654543
0.0036975000000000003,0.6579794281221353,0.657825634817655
0.0037,0.6581631335656256,0.6580131343698555
0.0037025000000000005,0.6583464860687828,0.6582006339220562
0.0037050000000000004,0.6585294856316065,0.6583881334742567
0.0037075000000000003,0.6587121322540969,0.6585756330264573
0.00371,0.6588944259362541,0.6587631325786579
0.0037125,0.6590763666780779,0.6589506321308585
0.0037150000000000004,0.6592579544795684,0.6591381316830591
0.0037175000000000003,0.6594391893407257,0.6593256312352597
0.00372,0.6596200712615495,0.6595131307874603
0.0037225,0.6598006002420401,0.6597006303396609
0.0037250000000000004,0.6599807762821973,0.6598881298918615
0.0037275000000000003,0.6601605993820212,0.6600756294440621
0.0037300000000000002,0.6603400695415119,0.6602631289962627
0.0037325,0.6605191867606692,0.6604506285484633
0.0037350000000000005,0.6606979510394932,0.6606381281006639
0.0037375000000000004,0.660876362377984,0.6608256276528645
0.0037400000000000003,0.6610544207761413,0.661013127205065
0.0037425,0.6612321262339654,0.6612006267572657
0.0037450000000000005,0.6614094787514562,0.6613881263094663
0.0037475000000000004,0.6615864783286135,0.6615756258616668
0.0037500000000000003,0.6617631249654377,0.6617631254138674
0.0037525,0.6619394186619284,0.6619285661952209
0.003755,0.6621153594180859,0.6620940069765744
0.0037575000000000004,0.6622909472339099,0.6622594477579278
0.0037600000000000003,0.6624661821094009,0.6624248885392813
0.0037625000000000002,0.6626410640445584,0.6625903293206348
0.003765,0.6628155930393826,0.6627557701019882
0.0037675000000000004,0.6629897690938736,0.6629212108833417
0.0037700000000000003,0.663163592208031,0.6630866516646952
0.0037725000000000002,0.6633370623818555,0.6632520924460487
0.003775,0.6635101796153463,0.663417533227402
0.0037775000000000005,0.663682943908504,0.6635829740087555
0.0037800000000000004,0.6638553552613284,0.663748414790109
0.0037825000000000003,0.6640274136738193,0.6639138555714624
0.003785,0.664199119145977,0.6640792963528159
0.0037875000000000005,0.6643704716778014,0.6642447371341694
0.0037900000000000004,0.6645414712692925,0.6644101779155229
0.0037925000000000003,0.6647121179204502,0.6645756186968763
0.003795,0.6648824116312747,0.6647410594782298
0.0037975,0.6650523524017657,0.6649065002595832
0.0038000000000000004,0.6652219402319236,0.6650719410409367
0.0038025000000000003,0.6653911751217482,0.6652373818222902
0.0038050000000000002,0.6655600570712392,0.6654028226036437
0.0038075,0.6657285860803972,0.6655682633849971
0.0038100000000000005,0.6658967621492217,0.6657337041663506
0.0038125000000000004,0.666064585277713,0.6658991449477041
0.0038150000000000002,0.6662320554658707,0.6660645857290575
0.0038175,0.6663991727136955,0.666230026510411
0.0038200000000000005,0.6665659370211867,0.6663954672917645
0.0038225000000000004,0.6667323483883447,0.666560908073118
0.0038250000000000003,0.6668984068151694,0.6667263488544714
0.0038275,0.6670641123016607,0.6668917896358248
0.0038300000000000005,0.6672294648478189,0.6670572304171783
0.0038325000000000004,0.6673944644536435,0.6672226711985318
0.0038350000000000003,0.6675591111191349,0.6673881119798852
0.0038375,0.6677234048442928,0.6675535527612387
0.0038400000000000005,0.6678873456291177,0.6677189935425922
0.0038425000000000004,0.6680509334736092,0.6678844343239456
0.0038450000000000003,0.6682141683777673,0.6680498751052991
0.0038475000000000002,0.6683770503415922,0.6682153158866526
0.00385,0.6685395793650836,0.668380756668006
0.0038525000000000005,0.668701755448242,0.6685461974493595
0.0038550000000000004,0.6688635785910668,0.668711638230713
0.0038575000000000003,0.6690250487935584,0.6688770790120664
0.00386,0.6691861660557166,0.6690425197934199
0.0038625000000000005,0.6693469303775416,0.6692079605747734
0.0038650000000000004,0.6695073417590331,0.6693734013561269
0.0038675000000000003,0.6696674002001914,0.6695388421374803
0.00387,0.6698271057010164,0.6697042829188338
0.0038725000000000005,0.669986458261508,0.6698697237001873
0.0038750000000000004,0.6701454578816665,0.6700351644815407
0.0038775000000000003,0.6703041045614916,0.6702006052628942
0.00388,0.6704623983009833,0.6703660460442477
0.0038825000000000005,0.6706203391001417,0.6705314868256012
0.0038850000000000004,0.6707779269589669,0.6706969276069545
0.0038875000000000003,0.6709351618774586,0.670862368388308
0.0038900000000000002,0.671092043855617,0.6710278091696615
0.0038925,0.6712485728934422,0.6711932499510149
0.0038950000000000005,0.671404748990934,0.6713586907323684
0.0038975000000000004,0.6715605721480925,0.6715241315137219
0.0039000000000000003,0.6717160423649178,0.6716895722950753
0.0039025,0.6718711596414096,0.6718550130764288
0.0039050000000000005,0.6720259239775682,0.6720204538577823
0.0039075,0.6721803353733935,0.6721748652537122
0.00391,0.6723343938288854,0.6723182472642185
0.0039125,0.6724880993440442,0.6724616292747249
0.003915,0.6726414519188695,0.6726050112852312
0.0039175,0.6727944515533615,0.6727483932957375
0.003920000000000001,0.6729470982475202,0.6728917753062439
0.003922500000000001,0.6730993920013455,0.6730351573167502
0.0039250000000000005,0.6732513328148376,0.6731785393272566
0.0039275000000000004,0.6734029206879963,0.6733219213377629
0.00393,0.6735541556208218,0.6734653033482693
0.0039325,0.6737050376133138,0.6736086853587756
0.003935,0.6738555666654727,0.673752067369282
0.0039375,0.6740057427772982,0.6738954493797882
0.00394,0.6741555659487904,0.6740388313902945
0.003942500000000001,0.6743050361799492,0.674182213400801
0.003945000000000001,0.6744541534707749,0.6743255954113073
0.0039475000000000005,0.674602917821267,0.6744689774218136
0.00395,0.6747513292314259,0.6746123594323199
0.0039525,0.6748993877012516,0.6747557414428262
0.003955,0.6750470932307437,0.6748991234533326
0.0039575,0.6751944458199028,0.6750425054638389
0.00396,0.6753414454687283,0.6751858874743453
0.003962500000000001,0.6754880921772208,0.6753292694848516
0.003965000000000001,0.6756343859453797,0.675472651495358
0.0039675000000000005,0.6757803267732055,0.6756160335058643
0.0039700000000000004,0.675925914660698,0.6757594155163706
0.0039725,0.6760711496078571,0.675902797526877
0.003975,0.6762160316146828,0.6760461795373833
0.0039775,0.6763605606811751,0.6761895615478897
0.00398,0.6765047368073344,0.676332943558396
0.0039825,0.6766485599931601,0.6764763255689022
0.003985000000000001,0.6767920302386528,0.6766197075794087
0.003987500000000001,0.6769351475438118,0.676763089589915
0.0039900000000000005,0.6770779119086378,0.6769064716004214
0.0039925,0.6772203233331303,0.6770498536109277
0.003995,0.6773623818172896,0.677193235621434
0.0039975,0.6775040873611154,0.6773366176319403
0.004,0.6776454399646081,0.6774799996424467
0.0040025,0.6777864396277674,0.677623381652953
0.004005000000000001,0.6779270863505935,0.6777667636634593
0.004007500000000001,0.6780673801330861,0.6779101456739657
0.0040100000000000005,0.6782073209752454,0.678053527684472
0.0040125000000000004,0.6783469088770715,0.6781969096949784
0.004015,0.6784861438385642,0.6783402917054847
0.0040175,0.6786250258597236,0.678483673715991
0.00402,0.6787635549405497,0.6786270557264974
0.0040225,0.6789017310810426,0.6787704377370037
0.004025,0.6790395542812019,0.6789138197475101
0.004027500000000001,0.6791770245410281,0.6790572017580164
0.004030000000000001,0.679314141860521,0.6792005837685228
0.0040325000000000005,0.6794509062396805,0.6793439657790291
0.004035,0.6795873176785067,0.6794873477895355
0.0040375,0.6797233761769995,0.6796307298000418
0.00404,0.6798590817351592,0.679774111810548
0.0040425,0.6799944343529853,0.6799174938210544
0.004045,0.6801294340304784,0.6800608758315607
0.004047500000000001,0.680264080767638,0.6802042578420672
0.004050000000000001,0.6803983745644644,0.6803476398525735
0.0040525000000000005,0.6805323154209574,0.6804910218630797
0.0040550000000000004,0.6806659033371171,0.6806344038735861
0.0040575,0.6807991383129435,0.6807777858840924
0.00406,0.6809320203484365,0.6809211678945988
0.0040625,0.6810645494435962,0.6810645499051051
0.004065,0.6811967255984226,0.6811858731447643
0.0040675,0.6813285488129157,0.6813071963844235
0.004070000000000001,0.6814600190870755,0.6814285196240828
0.004072500000000001,0.6815911364209021,0.681549842863742
0.0040750000000000005,0.6817219008143952,0.6816711661034012
0.0040775,0.681852312267555,0.6817924893430604
0.00408,0.6819823707803816,0.6819138125827195
0.0040825,0.6821120763528749,0.6820351358223787
0.004085,0.6822414289850347,0.6821564590620379
0.0040875,0.6823704286768614,0.6822777823016972
0.004090000000000001,0.6824990754283546,0.6823991055413564
0.004092500000000001,0.6826273692395145,0.6825204287810156
0.0040950000000000005,0.6827553101103413,0.6826417520206748
0.0040975000000000004,0.6828828980408345,0.682763075260334
0.0041,0.6830101330309947,0.6828843984999933
0.0041025,0.6831370150808213,0.6830057217396525
0.004105,0.6832635441903147,0.6831270449793116
0.0041075,0.6833897203594748,0.6832483682189708
0.00411,0.6835155435883016,0.68336969145863
0.004112500000000001,0.683641013876795,0.6834910146982893
0.004115000000000001,0.6837661312249552,0.6836123379379485
0.0041175000000000005,0.6838908956327819,0.6837336611776077
0.00412,0.6840153071002754,0.6838549844172669
0.0041225,0.6841393656274356,0.6839763076569261
0.004125,0.6842630712142624,0.6840976308965853
0.0041275,0.6843864238607561,0.6842189541362445
0.00413,0.6845094235669162,0.6843402773759036
0.004132500000000001,0.6846320703327433,0.6844616006155629
0.004135000000000001,0.6847543641582369,0.6845829238552221
0.0041375000000000006,0.6848763050433971,0.6847042470948813
0.0041400000000000005,0.6849978929882241,0.6848255703345405
0.0041425,0.6851191279927178,0.6849468935741997
0.004145,0.6852400100568781,0.685068216813859
0.0041475,0.685360539180705,0.6851895400535182
0.00415,0.6854807153641989,0.6853108632931774
0.0041525,0.6856005386073593,0.6854321865328366
0.004155000000000001,0.6857200089101864,0.6855535097724957
0.004157500000000001,0.6858391262726801,0.685674833012155
0.0041600000000000005,0.6859578906948407,0.6857961562518142
0.0041625,0.6860763021766678,0.6859174794914734
0.004165,0.6861943607181616,0.6860388027311326
0.0041675,0.6863120663193221,0.6861601259707918
0.00417,0.6864294189801494,0.686281449210451
0.0041725,0.6865464187006431,0.6864027724501102
0.004175000000000001,0.6866630654808037,0.6865240956897695
0.004177500000000001,0.686779359320631,0.6866454189294287
0.0041800000000000006,0.686895300220125,0.6867667421690878
0.0041825000000000005,0.6870108881792857,0.686888065408747
0.004185,0.6871261231981128,0.6870093886484062
0.0041875,0.687241005276607,0.6871307118880654
0.00419,0.6873555344147676,0.6872520351277247
0.0041925,0.6874697106125951,0.6873733583673839
0.004195,0.687583533870089,0.6874946816070431
0.004197500000000001,0.6876970041872499,0.6876160048467023
0.004200000000000001,0.6878101215640773,0.6877373280863615
0.0042025000000000005,0.6879228860005713,0.6878586513260208
0.004205,0.6880352974967321,0.6879799745656799
0.0042075,0.6881473560525595,0.6881012978053391
0.00421,0.6882590616680538,0.6882226210449983
0.0042125,0.6883704143432146,0.6883439442846575
0.004215,0.6884814140780422,0.6884652675243167
0.004217500000000001,0.6885920608725364,0.688586590763976
0.004220000000000001,0.6887023547266974,0.6886968846182115
0.0042225000000000006,0.6888122956405248,0.6887961490870237
0.0042250000000000005,0.6889218836140192,0.6888954135558357
0.0042275,0.6890311186471801,0.6889946780246478
0.00423,0.6891400007400077,0.6890939424934599
0.0042325,0.6892485298925021,0.6891932069622719
0.004235,0.689356706104663,0.6892924714310841
0.0042375,0.6894645293764908,0.6893917358998961
0.004240000000000001,0.6895719997079852,0.6894910003687083
0.004242500000000001,0.6896791170991463,0.6895902648375203
0.0042450000000000005,0.689785881549974,0.6896895293063323
0.0042475,0.6898922930604685,0.6897887937751445
0.00425,0.6899983516306296,0.6898880582439565
0.0042525,0.6901040572604574,0.6899873227127686
0.004255,0.690209409949952,0.6900865871815807
0.0042575,0.6903144096991131,0.6901858516503927
0.004260000000000001,0.690419056507941,0.6902851161192048
0.004262500000000001,0.6905233503764354,0.6903843805880169
0.0042650000000000006,0.6906272913045968,0.690483645056829
0.0042675000000000005,0.6907308792924246,0.690582909525641
0.00427,0.6908341143399193,0.6906821739944532
0.0042725,0.6909369964470805,0.6907814384632652
0.004275,0.6910395256139086,0.6908807029320773
0.0042775,0.6911417018404032,0.6909799674008894
0.00428,0.6912435251265646,0.6910792318697014
0.004282500000000001,0.6913449954723926,0.6911784963385136
0.004285000000000001,0.6914461128778874,0.6912777608073256
0.0042875000000000005,0.6915468773430488,0.6913770252761378
0.00429,0.6916472888678767,0.6914762897449498
0.0042925,0.6917473474523715,0.6915755542137618
0.004295,0.6918470530965329,0.691674818682574
0.0042975,0.6919464058003613,0.691774083151386
0.0043,0.692045405563856,0.691873347620198
0.004302500000000001,0.6921440523870176,0.6919726120890102
0.004305000000000001,0.6922423462698457,0.6920718765578222
0.0043075000000000006,0.6923402872123406,0.6921711410266344
0.0043100000000000005,0.6924378752145022,0.6922704054954464
0.0043125,0.6925351102763305,0.6923696699642585
0.004315,0.6926319923978254,0.6924689344330706
0.0043175,0.6927285215789869,0.6925681989018826
0.00432,0.6928246978198154,0.6926674633706947
0.0043225,0.6929205211203102,0.6927667278395068
0.004325000000000001,0.6930159914804721,0.6928659923083189
0.004327500000000001,0.6931111089003004,0.692965256777131
0.0043300000000000005,0.6932058733797954,0.6930645212459431
0.0043325,0.6933002849189571,0.6931637857147551
0.004335,0.6933943435177856,0.6932630501835672
0.0043375,0.6934880491762807,0.6933623146523793
0.00434,0.6935814018944425,0.6934615791211913
0.0043425,0.6936744016722709,0.6935608435900034
0.004345000000000001,0.6937670485097661,0.6936601080588155
0.004347500000000001,0.6938593424069279,0.6937593725276276
0.004350000000000001,0.6939512833637564,0.6938586369964397
0.0043525000000000005,0.6940428713802518,0.6939579014652517
0.004355,0.6941341064564135,0.6940571659340639
0.0043575,0.6942249885922422,0.6941564304028759
0.00436,0.6943155177877375,0.6942556948716879
0.0043625,0.6944056940428994,0.6943549593405001
0.004365,0.6944955173577281,0.6944542238093121
0.004367500000000001,0.6945849877322234,0.6945534882781242
0.004370000000000001,0.6946741051663854,0.6946527527469363
0.0043725000000000005,0.694762869660214,0.6947520172157484
0.004375,0.6948512812137095,0.6948512816845605
0.0043775,0.6949393398268715,0.6949284873825254
0.00438,0.6950270454997003,0.6950056930804903
0.0043825,0.6951143982321957,0.6950828987784553
0.004385,0.6952013980243579,0.6951601044764203
0.004387500000000001,0.6952880448761867,0.6952373101743852
0.004390000000000001,0.6953743387876822,0.6953145158723502
0.004392500000000001,0.6954602797588444,0.6953917215703151
0.0043950000000000005,0.6955458677896733,0.69546892726828
0.0043975,0.6956311028801687,0.695546132966245
0.0044,0.6957159850303309,0.69562333866421
0.0044025,0.6958005142401599,0.6957005443621749
0.004405,0.6958846905096554,0.6957777500601399
0.0044075,0.6959685138388177,0.6958549557581049
0.004410000000000001,0.6960519842276467,0.6959321614560697
0.004412500000000001,0.6961351016761425,0.6960093671540347
0.0044150000000000005,0.6962178661843048,0.6960865728519997
0.0044175,0.6963002777521339,0.6961637785499646
0.00442,0.6963823363796295,0.6962409842479296
0.0044225,0.6964640420667919,0.6963181899458946
0.004425,0.696545394813621,0.6963953956438594
0.0044275,0.6966263946201168,0.6964726013418244
0.004430000000000001,0.6967070414862793,0.6965498070397894
0.004432500000000001,0.6967873354121084,0.6966270127377543
0.004435000000000001,0.6968672763976042,0.6967042184357193
0.0044375000000000005,0.6969468644427667,0.6967814241336843
0.00444,0.6970260995475959,0.6968586298316491
0.0044425,0.6971049817120918,0.6969358355296141
0.004445,0.6971835109362543,0.6970130412275791
0.0044475,0.6972616872200836,0.697090246925544
0.00445,0.6973395105635796,0.697167452623509
0.004452500000000001,0.6974169809667421,0.697244658321474
0.004455000000000001,0.6974940984295713,0.6973218640194389
0.0044575000000000005,0.6975708629520675,0.6973990697174038
0.00446,0.69764727453423,0.6974762754153688
0.0044625,0.6977233331760595,0.6975534811133337
0.004465,0.6977990388775555,0.6976306868112987
0.0044675,0.6978743916387182,0.6977078925092637
0.00447,0.6979493914595477,0.6977850982072286
0.004472500000000001,0.6980240383400439,0.6978623039051935
0.004475000000000001,0.6980983322802065,0.6979395096031585
0.004477500000000001,0.6981722732800361,0.6980167153011234
0.0044800000000000005,0.6982458613395321,0.6980939209990884
0.0044825,0.698319096458695,0.6981711266970534
0.004485,0.6983919786375246,0.6982483323950183
0.0044875,0.6984645078760208,0.6983255380929833
0.00449,0.6985366841741837,0.6984027437909482
0.0044925,0.6986085075320132,0.6984799494889131
0.004495000000000001,0.6986799779495095,0.6985571551868781
0.004497500000000001,0.6987510954266725,0.6986343608848431
0.0045000000000000005,0.6988218599635021,0.698711566582808
0.0045025,0.6988922715599983,0.698788772280773
0.004505,0.6989623302161615,0.698865977978738
0.0045075,0.6990320359319911,0.6989431836767028
0.00451,0.6991013887074874,0.6990203893746678
0.0045125,0.6991703885426506,0.6990975950726328
0.004515000000000001,0.6992390354374802,0.6991748007705977
0.004517500000000001,0.6993073293919768,0.6992520064685627
0.004520000000000001,0.6993752704061398,0.6993292121665277
0.0045225000000000005,0.6994428584799697,0.6994064178644925
0.004525,0.699510093613466,0.6994836235624575
0.0045275,0.6995769758066294,0.6995608292604225
0.00453,0.6996435050594592,0.6996380349583874
0.0045325,0.6997096813719558,0.6997042112709289
0.004535,0.6997755047441189,0.6997593581980466
0.004537500000000001,0.6998409751759489,0.6998145051251644
0.004540000000000001,0.6999060926674454,0.6998696520522822
0.0045425000000000005,0.6999708572186086,0.6999247989794001
0.004545,0.7000352688294388,0.6999799459065179
0.0045475,0.7000993274999354,0.7000350928336357
0.00455,0.7001630332300988,0.7000902397607536
0.0045525,0.7002263860199287,0.7001453866878714
0.004555,0.7002893858694255,0.7002005336149892
0.004557500000000001,0.7003520327785888,0.7002556805421071
0.004560000000000001,0.700414326747419,0.7003108274692249
0.004562500000000001,0.7004762677759157,0.7003659743963427
0.0045650000000000005,0.7005378558640791,0.7004211213234605
0.0045675,0.7005990910119093,0.7004762682505783
0.00457,0.700659973219406,0.7005314151776961
0.0045725,0.7007205024865697,0.700586562104814
0.004575,0.7007806788133998,0.7006417090319318
0.0045775,0.7008405021998967,0.7006968559590496
0.004580000000000001,0.7008999726460602,0.7007520028861675
0.004582500000000001,0.7009590901518905,0.7008071498132853
0.0045850000000000005,0.7010178547173873,0.7008622967404031
0.0045875,0.701076266342551,0.700917443667521
0.00459,0.7011343250273814,0.7009725905946388
0.0045925,0.7011920307718784,0.7010277375217565
0.004595,0.701249383576042,0.7010828844488743
0.0045975,0.7013063834398723,0.7011380313759922
0.004600000000000001,0.7013630303633694,0.70119317830311
0.004602500000000001,0.701419324346533,0.7012483252302278
0.004605000000000001,0.7014752653893636,0.7013034721573457
0.0046075000000000005,0.7015308534918606,0.7013586190844635
0.00461,0.7015860886540245,0.7014137660115813
0.0046125,0.7016409708758549,0.7014689129386992
0.004615,0.701695500157352,0.701524059865817
0.0046175,0.7017496764985158,0.7015792067929348
0.00462,0.7018034998993464,0.7016343537200526
0.004622500000000001,0.7018569703598436,0.7016895006471704
0.004625000000000001,0.7019100878800074,0.7017446475742882
0.0046275000000000005,0.701962852459838,0.7017997945014061
0.0046300000000000004,0.7020152640993352,0.7018549414285239
0.0046325,0.7020673227984993,0.7019100883556417
0.004635,0.7021190285573299,0.7019652352827596
0.0046375,0.7021703813758272,0.7020203822098774
0.00464,0.7022213812539911,0.7020755291369952
0.004642500000000001,0.702272028191822,0.7021306760641131
0.004645000000000001,0.7023223221893193,0.7021858229912309
0.004647500000000001,0.7023722632464834,0.7022409699183487
0.0046500000000000005,0.702421851363314,0.7022961168454664
0.0046525,0.7024710865398114,0.7023512637725843
0.004655,0.7025199687759757,0.7024064106997021
0.0046575,0.7025684980718063,0.7024615576268199
0.00466,0.7026166744273039,0.7025167045539378
0.0046625,0.7026644978424681,0.7025718514810556
0.004665000000000001,0.702711968317299,0.7026269984081734
0.004667500000000001,0.7027590858517964,0.7026821453352913
0.0046700000000000005,0.7028058504459608,0.7027372922624091
0.0046725000000000004,0.7028522620997916,0.7027924391895269
0.004675,0.7028983208132893,0.7028475861166448
0.0046775,0.7029440265864534,0.7029027330437625
0.00468,0.7029893794192843,0.7029578799708803
0.0046825,0.7030343793117821,0.7030130268979982
0.004685000000000001,0.7030790262639464,0.703068173825116
0.004687500000000001,0.7031233202757774,0.7031233207522338
0.004690000000000001,0.7031672613472751,0.7031564089085045
0.0046925000000000005,0.7032108494784396,0.7031894970647752
0.004695,0.7032540846692706,0.7032225852210459
0.0046975,0.7032969669197684,0.7032556733773166
0.0047,0.7033394962299329,0.7032887615335873
0.0047025,0.703381672599764,0.703321849689858
0.004705,0.7034234960292618,0.7033549378461287
0.004707500000000001,0.7034649665184263,0.7033880260023994
0.004710000000000001,0.7035060840672575,0.70342111415867
0.0047125000000000005,0.7035468486757553,0.7034542023149408
0.0047150000000000004,0.7035872603439198,0.7034872904712115
0.0047175,0.7036273190717511,0.7035203786274822
0.00472,0.7036670248592491,0.7035534667837529
0.0047225,0.7037063777064136,0.7035865549400235
0.004725,0.703745377613245,0.7036196430962942
0.004727500000000001,0.7037840245797429,0.7036527312525649
0.004730000000000001,0.7038223186059076,0.7036858194088357
0.004732500000000001,0.7038602596917389,0.7037189075651064
0.0047350000000000005,0.703897847837237,0.703751995721377
0.0047375,0.7039350830424017,0.7037850838776477
0.00474,0.703971965307233,0.7038181720339184
0.0047425,0.7040084946317312,0.7038512601901891
0.004745,0.704044671015896,0.7038843483464597
0.0047475,0.7040804944597275,0.7039174365027304
0.004750000000000001,0.7041159649632256,0.7039505246590012
0.004752500000000001,0.7041510825263905,0.7039836128152719
0.0047550000000000005,0.7041858471492219,0.7040167009715426
0.0047575000000000004,0.7042202588317202,0.7040497891278132
0.00476,0.704254317573885,0.7040828772840839
0.0047625,0.7042880233757166,0.7041159654403546
0.004765,0.7043213762372149,0.7041490535966253
0.0047675,0.7043543761583798,0.7041821417528961
0.004770000000000001,0.7043870231392115,0.7042152299091667
0.004772500000000001,0.7044193171797097,0.7042483180654374
0.004775000000000001,0.7044512582798748,0.7042814062217081
0.0047775000000000005,0.7044828464397064,0.7043144943779788
0.00478,0.7045140816592048,0.7043475825342495
0.0047825,0.7045449639383699,0.7043806706905202
0.004785,0.7045754932772017,0.7044137588467909
0.0047875,0.7046056696757,0.7044468470030616
0.00479,0.7046354931338651,0.7044799351593323
0.004792500000000001,0.704664963651697,0.704513023315603
0.004795000000000001,0.7046940812291953,0.7045461114718736
0.0047975000000000005,0.7047228458663606,0.7045791996281443
0.0048000000000000004,0.7047512575631925,0.7046122877844151
0.0048025,0.7047793163196909,0.7046453759406858
0.004805,0.7048070221358562,0.7046784640969564
0.0048075,0.7048343750116881,0.7047115522532271
0.00481,0.7048613749471867,0.7047446404094978
0.004812500000000001,0.704888021942352,0.7047777285657685
0.004815000000000001,0.7049143159971839,0.7048108167220392
0.004817500000000001,0.7049402571116826,0.70484390487831
0.0048200000000000005,0.7049658452858478,0.7048769930345806
0.0048225,0.7049910805196798,0.7049100811908513
0.004825,0.7050159628131786,0.704943169347122
0.0048275,0.7050404921663439,0.7049762575033927
0.00483,0.705064668579176,0.7050093456596633
0.0048325,0.7050884920516748,0.705042433815934
0.004835000000000001,0.7051119625838402,0.7050755219722048
0.004837500000000001,0.7051350801756724,0.7051086101284755
0.0048400000000000006,0.7051578448271713,0.7051416982847462
0.0048425000000000004,0.7051802565383367,0.7051747864410168
0.004845,0.705202315309169,0.705196845211864
0.0048475,0.7052240211396678,0.7052078745972875
0.00485,0.7052453740298332,0.705218903982711
0.0048525,0.7052663739796655,0.7052299333681347
0.004855000000000001,0.7052870209891644,0.7052409627535582
0.004857500000000001,0.70530731505833,0.7052519921389818
0.004860000000000001,0.7053272561871623,0.7052630215244053
0.0048625000000000005,0.7053468443756613,0.7052740509098289
0.004865,0.705366079623827,0.7052850802952525
0.0048675,0.7053849619316593,0.705296109680676
0.00487,0.7054034912991584,0.7053071390660997
0.0048725,0.7054216677263241,0.7053181684515232
0.004875,0.7054394912131564,0.7053291978369467
0.004877500000000001,0.7054569617596556,0.7053402272223703
0.004880000000000001,0.7054740793658213,0.7053512566077939
0.0048825000000000006,0.7054908440316537,0.7053622859932175
0.0048850000000000005,0.705507255757153,0.705373315378641
0.0048875,0.7055233145423188,0.7053843447640645
0.00489,0.7055390203871513,0.7053953741494882
0.0048925,0.7055543732916505,0.7054064035349117
0.004895,0.7055693732558164,0.7054174329203353
0.004897500000000001,0.705584020279649,0.7054284623057588
0.004900000000000001,0.7055983143631482,0.7054394916911824
0.004902500000000001,0.7056122555063141,0.705450521076606
0.0049050000000000005,0.7056258437091466,0.7054615504620295
0.0049075,0.705639078971646,0.7054725798474532
0.00491,0.705651961293812,0.7054836092328767
0.0049125,0.7056644906756447,0.7054946386183002
0.004915,0.705676667117144,0.7055056680037238
0.0049175,0.7056884906183102,0.7055166973891474
0.004920000000000001,0.7056999611791429,0.7055277267745709
0.004922500000000001,0.7057110787996423,0.7055387561599945
0.0049250000000000006,0.7057218434798084,0.705549785545418
0.0049275000000000005,0.7057322552196412,0.7055608149308417
0.00493,0.7057423140191407,0.7055718443162652
0.0049325,0.7057520198783068,0.7055828737016887
0.004935,0.7057613727971397,0.7055939030871123
0.0049375,0.7057703727756391,0.7056049324725359
0.004940000000000001,0.7057790198138054,0.7056159618579595
0.004942500000000001,0.7057873139116383,0.705626991243383
0.004945000000000001,0.7057952550691379,0.7056380206288065
0.0049475000000000005,0.7058028432863042,0.7056490500142302
0.00495,0.7058100785631372,0.7056600793996537
0.0049525,0.7058169608996367,0.7056711087850773
0.004955,0.7058234902958032,0.7056821381705009
0.0049575,0.705829666751636,0.7056931675559244
0.00496,0.7058354902671358,0.705704196941348
0.004962500000000001,0.7058409608423022,0.7057152263267715
0.004965000000000001,0.7058460784771352,0.7057262557121952
0.0049675000000000006,0.705850843171635,0.7057372850976187
0.0049700000000000005,0.7058552549258014,0.7057483144830422
0.0049725,0.7058593137396346,0.7057593438684658
0.004975,0.7058630196131344,0.7057703732538894
0.0049775,0.7058663725463009,0.7057814026393129
0.00498,0.705869372539134,0.7057924320247365
0.004982500000000001,0.7058720195916339,0.70580346141016
0.004985000000000001,0.7058743137038005,0.7058144907955837
0.004987500000000001,0.7058762548756335,0.7058255201810072
0.0049900000000000005,0.7058778431071336,0.7058365495664307
0.0049925,0.7058790783983001,0.7058475789518543
0.004995,0.7058799607491335,0.7058586083372779
0.0049975,0.7058804901596334,0.7058696377227015
0.005,0.7058806666298001,0.705880667108125
0.0050025,0.7058804901596334,0.7058696377227015
0.005005000000000001,0.7058799607491335,0.7058586083372779
0.005007500000000001,0.7058790783983001,0.7058475789518543
0.0050100000000000006,0.7058778431071336,0.7058365495664307
0.0050125000000000005,0.7058762548756337,0.7058255201810072
0.005015,0.7058743137038004,0.7058144907955837
0.0050175,0.7058720195916339,0.70580346141016
0.00502,0.705869372539134,0.7057924320247365
0.0050225,0.7058663725463009,0.705781402639313
0.005025000000000001,0.7058630196131344,0.7057703732538894
0.005027500000000001,0.7058593137396346,0.7057593438684658
0.005030000000000001,0.7058552549258014,0.7057483144830422
0.0050325000000000005,0.705850843171635,0.7057372850976187
0.005035,0.7058460784771352,0.7057262557121952
0.0050375,0.7058409608423022,0.7057152263267715
0.00504,0.7058354902671359,0.705704196941348
0.0050425,0.705829666751636,0.7056931675559245
0.005045,0.7058234902958032,0.7056821381705009
0.005047500000000001,0.7058169608996367,0.7056711087850773
0.005050000000000001,0.705810078563137,0.7056600793996537
0.005052500000000001,0.7058028432863042,0.7056490500142302
0.0050550000000000005,0.7057952550691379,0.7056380206288067
0.0050575,0.7057873139116383,0.705626991243383
0.00506,0.7057790198138054,0.7056159618579595
0.0050625,0.7057703727756391,0.705604932472536
0.005065,0.7057613727971397,0.7055939030871123
0.005067500000000001,0.7057520198783068,0.7055828737016888
0.005070000000000001,0.7057423140191408,0.7055718443162652
0.005072500000000001,0.7057322552196411,0.7055608149308417
0.0050750000000000005,0.7057218434798084,0.7055497855454181
0.0050775,0.7057110787996422,0.7055387561599945
0.00508,0.7056999611791429,0.705527726774571
0.0050825,0.7056884906183101,0.7055166973891475
0.005085,0.705676667117144,0.7055056680037238
0.0050875,0.7056644906756447,0.7054946386183003
0.005090000000000001,0.705651961293812,0.7054836092328767
0.005092500000000001,0.705639078971646,0.7054725798474532
0.005095000000000001,0.7056258437091467,0.7054615504620296
0.0050975000000000005,0.7056122555063141,0.705450521076606
0.0051,0.7055983143631481,0.7054394916911825
0.0051025,0.705584020279649,0.705428462305759
0.005105,0.7055693732558164,0.7054174329203353
0.0051075,0.7055543732916504,0.7054064035349118
0.005110000000000001,0.7055390203871513,0.7053953741494882
0.005112500000000001,0.7055233145423188,0.7053843447640646
0.005115000000000001,0.705507255757153,0.7053733153786411
0.0051175000000000005,0.7054908440316539,0.7053622859932175
0.00512,0.7054740793658214,0.705351256607794
0.0051225,0.7054569617596556,0.7053402272223704
0.005125,0.7054394912131565,0.7053291978369468
0.0051275,0.7054216677263241,0.7053181684515233
0.00513,0.7054034912991582,0.7053071390660997
0.005132500000000001,0.7053849619316593,0.7052961096806761
0.005135000000000001,0.7053660796238269,0.7052850802952526
0.005137500000000001,0.7053468443756613,0.705274050909829
0.0051400000000000005,0.7053272561871623,0.7052630215244055
0.0051425,0.70530731505833,0.7052519921389819
0.005145,0.7052870209891644,0.7052409627535583
0.0051475,0.7052663739796656,0.7052299333681348
0.00515,0.7052453740298332,0.7052189039827111
0.005152500000000001,0.7052240211396679,0.7052078745972876
0.005155000000000001,0.7052023153091689,0.7051968452118641
0.005157500000000001,0.7051802565383366,0.7051747864410169
0.0051600000000000005,0.7051578448271711,0.7051416982847463
0.0051625,0.7051350801756723,0.7051086101284756
0.005165,0.7051119625838402,0.7050755219722049
0.0051675,0.7050884920516748,0.7050424338159341
0.00517,0.705064668579176,0.7050093456596634
0.0051725,0.7050404921663439,0.7049762575033928
0.005175000000000001,0.7050159628131786,0.7049431693471221
0.005177500000000001,0.7049910805196798,0.7049100811908514
0.005180000000000001,0.7049658452858479,0.7048769930345807
0.0051825000000000005,0.7049402571116825,0.7048439048783101
0.005185,0.7049143159971839,0.7048108167220394
0.0051875,0.7048880219423519,0.7047777285657686
0.00519,0.7048613749471867,0.7047446404094979
0.0051925,0.7048343750116881,0.7047115522532272
0.005195000000000001,0.7048070221358562,0.7046784640969566
0.005197500000000001,0.7047793163196909,0.7046453759406859
0.005200000000000001,0.7047512575631925,0.7046122877844152
0.0052025000000000005,0.7047228458663607,0.7045791996281445
0.005205,0.7046940812291954,0.7045461114718737
0.0052075,0.704664963651697,0.7045130233156031
0.00521,0.7046354931338651,0.7044799351593324
0.0052125,0.7046056696756999,0.7044468470030617
0.005215,0.7045754932772016,0.704413758846791
0.005217500000000001,0.7045449639383699,0.7043806706905203
0.005220000000000001,0.7045140816592048,0.7043475825342497
0.005222500000000001,0.7044828464397064,0.704314494377979
0.0052250000000000005,0.7044512582798748,0.7042814062217082
0.0052275,0.7044193171797097,0.7042483180654375
0.00523,0.7043870231392115,0.7042152299091669
0.0052325,0.7043543761583798,0.7041821417528962
0.005235,0.7043213762372149,0.7041490535966255
0.005237500000000001,0.7042880233757166,0.7041159654403548
0.005240000000000001,0.704254317573885,0.7040828772840841
0.005242500000000001,0.7042202588317201,0.7040497891278135
0.0052450000000000005,0.7041858471492219,0.7040167009715427
0.0052475,0.7041510825263905,0.703983612815272
0.00525,0.7041159649632256,0.7039505246590013
0.0052525,0.7040804944597275,0.7039174365027306
0.005255,0.704044671015896,0.70388434834646
0.0052575,0.7040084946317313,0.7038512601901893
0.005260000000000001,0.7039719653072332,0.7038181720339186
0.005262500000000001,0.7039350830424017,0.7037850838776479
0.005265000000000001,0.703897847837237,0.7037519957213771
0.0052675000000000005,0.7038602596917388,0.7037189075651065
0.00527,0.7038223186059076,0.7036858194088358
0.0052725,0.7037840245797429,0.7036527312525651
0.005275,0.703745377613245,0.7036196430962944
0.0052775,0.7037063777064136,0.7035865549400238
0.005280000000000001,0.703667024859249,0.7035534667837531
0.005282500000000001,0.7036273190717511,0.7035203786274823
0.005285000000000001,0.7035872603439198,0.7034872904712116
0.0052875000000000005,0.7035468486757553,0.7034542023149409
0.00529,0.7035060840672575,0.7034211141586703
0.0052925,0.7034649665184263,0.7033880260023996
0.005295,0.7034234960292618,0.7033549378461289
0.0052975,0.7033816725997639,0.7033218496898582
0.0053,0.7033394962299327,0.7032887615335875
0.005302500000000001,0.7032969669197684,0.7032556733773168
0.005305000000000001,0.7032540846692706,0.7032225852210461
0.005307500000000001,0.7032108494784395,0.7031894970647754
0.0053100000000000005,0.7031672613472751,0.7031564089085047
0.0053125,0.7031233202757774,0.703123320752234
0.005315,0.7030790262639465,0.7030681738251162
0.0053175,0.7030343793117821,0.7030130268979984
0.00532,0.7029893794192844,0.7029578799708806
0.005322500000000001,0.7029440265864535,0.7029027330437627
0.005325000000000001,0.7028983208132892,0.702847586116645
0.005327500000000001,0.7028522620997915,0.7027924391895272
0.0053300000000000005,0.7028058504459607,0.7027372922624093
0.0053325000000000004,0.7027590858517964,0.7026821453352915
0.005335,0.7027119683172989,0.7026269984081737
0.0053375,0.7026644978424681,0.7025718514810558
0.00534,0.702616674427304,0.702516704553938
0.0053425,0.7025684980718063,0.7024615576268202
0.005345000000000001,0.7025199687759757,0.7024064106997023
0.005347500000000001,0.7024710865398115,0.7023512637725846
0.005350000000000001,0.702421851363314,0.7022961168454668
0.0053525000000000005,0.7023722632464833,0.702240969918349
0.005355,0.7023223221893192,0.7021858229912311
0.0053575,0.702272028191822,0.7021306760641133
0.00536,0.7022213812539911,0.7020755291369954
0.0053625,0.7021703813758272,0.7020203822098776
0.005365000000000001,0.7021190285573299,0.7019652352827598
0.005367500000000001,0.7020673227984993,0.7019100883556421
0.005370000000000001,0.7020152640993352,0.7018549414285242
0.0053725000000000005,0.701962852459838,0.7017997945014064
0.0053750000000000004,0.7019100878800074,0.7017446475742886
0.0053775,0.7018569703598435,0.7016895006471707
0.00538,0.7018034998993463,0.7016343537200529
0.0053825,0.7017496764985158,0.7015792067929351
0.005385,0.701695500157352,0.7015240598658172
0.005387500000000001,0.7016409708758549,0.7014689129386994
0.005390000000000001,0.7015860886540244,0.7014137660115817
0.005392500000000001,0.7015308534918606,0.7013586190844638
0.0053950000000000005,0.7014752653893636,0.701303472157346
0.0053975,0.7014193243465331,0.7012483252302282
0.0054,0.7013630303633694,0.7011931783031103
0.0054025,0.7013063834398723,0.7011380313759925
0.005405,0.7012493835760419,0.7010828844488747
0.005407500000000001,0.7011920307718783,0.7010277375217568
0.005410000000000001,0.7011343250273813,0.7009725905946391
0.005412500000000001,0.7010762663425509,0.7009174436675213
0.0054150000000000005,0.7010178547173873,0.7008622967404035
0.0054175000000000004,0.7009590901518905,0.7008071498132856
0.00542,0.7008999726460602,0.7007520028861678
0.0054225,0.7008405021998967,0.70069685595905
0.005425,0.7007806788133998,0.7006417090319321
0.0054275,0.7007205024865697,0.7005865621048143
0.005430000000000001,0.7006599732194061,0.7005314151776965
0.005432500000000001,0.7005990910119093,0.7004762682505787
0.005435000000000001,0.7005378558640791,0.7004211213234609
0.0054375000000000005,0.7004762677759157,0.7003659743963431
0.00544,0.7004143267474189,0.7003108274692252
0.0054425,0.7003520327785888,0.7002556805421074
0.005445,0.7002893858694255,0.7002005336149896
0.0054475,0.7002263860199287,0.7001453866878717
0.005450000000000001,0.7001630332300987,0.7000902397607539
0.005452500000000001,0.7000993274999354,0.7000350928336362
0.005455000000000001,0.7000352688294388,0.6999799459065184
0.0054575000000000005,0.6999708572186087,0.6999247989794005
0.0054600000000000004,0.6999060926674455,0.6998696520522827
0.0054625,0.6998409751759489,0.6998145051251649
0.005465,0.6997755047441189,0.699759358198047
0.0054675,0.6997096813719557,0.6997042112709292
0.00547,0.6996435050594592,0.6996380349583878
0.005472500000000001,0.6995769758066294,0.6995608292604228
0.005475000000000001,0.699510093613466,0.699483623562458
0.005477500000000001,0.6994428584799697,0.699406417864493
0.0054800000000000005,0.6993752704061398,0.699329212166528
0.0054825,0.6993073293919768,0.6992520064685631
0.005485,0.6992390354374803,0.6991748007705981
0.0054875,0.6991703885426506,0.6990975950726331
0.00549,0.6991013887074875,0.6990203893746683
0.005492500000000001,0.699032035931991,0.6989431836767033
0.005495000000000001,0.6989623302161615,0.6988659779787383
0.005497500000000001,0.6988922715599983,0.6987887722807734
0.0055000000000000005,0.6988218599635021,0.6987115665828084
0.0055025000000000004,0.6987510954266724,0.6986343608848435
0.005505,0.6986799779495095,0.6985571551868786
0.0055075,0.6986085075320132,0.6984799494889136
0.00551,0.6985366841741837,0.6984027437909487
0.0055125,0.6984645078760208,0.6983255380929837
0.005515000000000001,0.6983919786375246,0.6982483323950187
0.005517500000000001,0.698319096458695,0.6981711266970538
0.005520000000000001,0.698245861339532,0.6980939209990888
0.0055225000000000005,0.6981722732800361,0.6980167153011239
0.005525,0.6980983322802065,0.697939509603159
0.0055275,0.6980240383400438,0.697862303905194
0.00553,0.6979493914595477,0.697785098207229
0.0055325,0.6978743916387182,0.6977078925092641
0.005535000000000001,0.6977990388775555,0.6976306868112991
0.005537500000000001,0.6977233331760595,0.6975534811133342
0.005540000000000001,0.69764727453423,0.6974762754153693
0.0055425000000000006,0.6975708629520675,0.6973990697174043
0.0055450000000000004,0.6974940984295714,0.6973218640194394
0.0055475,0.6974169809667421,0.6972446583214744
0.00555,0.6973395105635796,0.6971674526235094
0.0055525,0.6972616872200835,0.6970902469255446
0.005555,0.6971835109362543,0.6970130412275796
0.005557500000000001,0.6971049817120918,0.6969358355296146
0.005560000000000001,0.6970260995475959,0.6968586298316497
0.005562500000000001,0.6969468644427667,0.6967814241336847
0.0055650000000000005,0.6968672763976042,0.6967042184357197
0.0055675,0.6967873354121084,0.6966270127377548
0.00557,0.6967070414862793,0.6965498070397899
0.0055725,0.6966263946201168,0.6964726013418249
0.005575,0.696545394813621,0.69639539564386
0.005577500000000001,0.6964640420667919,0.696318189945895
0.005580000000000001,0.6963823363796295,0.69624098424793
0.005582500000000001,0.6963002777521338,0.6961637785499651
0.0055850000000000006,0.6962178661843047,0.6960865728520002
0.0055875000000000005,0.6961351016761425,0.6960093671540353
0.00559,0.6960519842276467,0.6959321614560703
0.0055925,0.6959685138388177,0.6958549557581053
0.005595,0.6958846905096555,0.6957777500601404
0.0055975,0.69580051424016,0.6957005443621754
0.005600000000000001,0.6957159850303309,0.6956233386642104
0.005602500000000001,0.6956311028801687,0.6955461329662456
0.005605000000000001,0.6955458677896732,0.6954689272682806
0.0056075000000000005,0.6954602797588443,0.6953917215703156
0.00561,0.6953743387876822,0.6953145158723507
0.0056125,0.6952880448761866,0.6952373101743857
0.005615,0.6952013980243579,0.6951601044764207
0.0056175,0.6951143982321957,0.6950828987784559
0.005620000000000001,0.6950270454997003,0.6950056930804909
0.005622500000000001,0.6949393398268715,0.6949284873825259
0.005625000000000001,0.6948512812137095,0.694851281684561
0.0056275000000000006,0.694762869660214,0.6947520172157489
0.0056300000000000005,0.6946741051663853,0.6946527527469368
0.0056325,0.6945849877322233,0.6945534882781248
0.005635,0.694495517357728,0.6944542238093127
0.0056375,0.6944056940428994,0.6943549593405006
0.00564,0.6943155177877374,0.6942556948716885
0.005642500000000001,0.6942249885922421,0.6941564304028764
0.005645000000000001,0.6941341064564135,0.6940571659340643
0.005647500000000001,0.6940428713802518,0.6939579014652523
0.0056500000000000005,0.6939512833637564,0.6938586369964402
0.0056525,0.6938593424069279,0.6937593725276281
0.005655,0.6937670485097661,0.6936601080588161
0.0056575,0.6936744016722709,0.6935608435900039
0.00566,0.6935814018944425,0.6934615791211919
0.005662500000000001,0.6934880491762806,0.6933623146523797
0.005665000000000001,0.6933943435177855,0.6932630501835677
0.005667500000000001,0.693300284918957,0.6931637857147557
0.0056700000000000006,0.6932058733797954,0.6930645212459435
0.0056725000000000005,0.6931111089003004,0.6929652567771315
0.005675,0.6930159914804721,0.6928659923083194
0.0056775,0.6929205211203103,0.6927667278395073
0.00568,0.6928246978198154,0.6926674633706953
0.0056825,0.692728521578987,0.6925681989018831
0.005685000000000001,0.6926319923978254,0.6924689344330711
0.005687500000000001,0.6925351102763304,0.692369669964259
0.005690000000000001,0.6924378752145022,0.6922704054954469
0.0056925000000000005,0.6923402872123406,0.6921711410266349
0.005695,0.6922423462698457,0.6920718765578228
0.0056975,0.6921440523870175,0.6919726120890107
0.0057,0.692045405563856,0.6918733476201986
0.0057025,0.6919464058003613,0.6917740831513866
0.005705000000000001,0.6918470530965329,0.6916748186825744
0.005707500000000001,0.6917473474523715,0.6915755542137624
0.005710000000000001,0.6916472888678767,0.6914762897449503
0.0057125000000000006,0.6915468773430488,0.6913770252761382
0.0057150000000000005,0.6914461128778873,0.6912777608073262
0.0057175,0.6913449954723925,0.691178496338514
0.00572,0.6912435251265645,0.691079231869702
0.0057225,0.6911417018404032,0.69097996740089
0.005725,0.6910395256139086,0.6908807029320778
0.005727500000000001,0.6909369964470805,0.6907814384632658
0.005730000000000001,0.6908341143399193,0.6906821739944536
0.005732500000000001,0.6907308792924246,0.6905829095256416
0.0057350000000000005,0.6906272913045968,0.6904836450568295
0.0057375,0.6905233503764355,0.6903843805880174
0.00574,0.690419056507941,0.6902851161192054
0.0057425,0.6903144096991131,0.6901858516503933
0.005745,0.6902094099499518,0.6900865871815812
0.005747500000000001,0.6901040572604573,0.6899873227127691
0.005750000000000001,0.6899983516306295,0.689888058243957
0.005752500000000001,0.6898922930604685,0.689788793775145
0.005755000000000001,0.689785881549974,0.6896895293063329
0.0057575000000000005,0.6896791170991463,0.6895902648375208
0.00576,0.6895719997079851,0.6894910003687087
0.0057625,0.6894645293764908,0.6893917358998967
0.005765,0.6893567061046632,0.6892924714310846
0.0057675,0.6892485298925022,0.6891932069622725
0.005770000000000001,0.6891400007400077,0.6890939424934605
0.005772500000000001,0.68903111864718,0.6889946780246483
0.005775000000000001,0.6889218836140191,0.6888954135558363
0.0057775000000000005,0.6888122956405248,0.6887961490870241
0.00578,0.6887023547266973,0.6886968846182121
0.0057825,0.6885920608725363,0.6885865907639764
0.005785,0.6884814140780422,0.6884652675243172
0.0057875,0.6883704143432146,0.6883439442846581
0.005790000000000001,0.6882590616680537,0.6882226210449989
0.005792500000000001,0.6881473560525595,0.6881012978053396
0.005795000000000001,0.6880352974967321,0.6879799745656804
0.005797500000000001,0.6879228860005714,0.6878586513260212
0.0058000000000000005,0.6878101215640772,0.687737328086362
0.0058025,0.6876970041872498,0.6876160048467028
0.005805,0.687583533870089,0.6874946816070436
0.0058075,0.687469710612595,0.6873733583673844
0.00581,0.6873555344147676,0.6872520351277253
0.005812500000000001,0.6872410052766069,0.687130711888066
0.005815000000000001,0.6871261231981128,0.6870093886484068
0.005817500000000001,0.6870108881792857,0.6868880654087476
0.0058200000000000005,0.686895300220125,0.6867667421690884
0.0058225,0.686779359320631,0.6866454189294292
0.005825,0.6866630654808038,0.6865240956897699
0.0058275,0.6865464187006431,0.6864027724501107
0.00583,0.6864294189801493,0.6862814492104515
0.005832500000000001,0.6863120663193221,0.6861601259707923
0.005835000000000001,0.6861943607181615,0.6860388027311332
0.005837500000000001,0.6860763021766677,0.6859174794914739
0.005840000000000001,0.6859578906948407,0.6857961562518147
0.0058425000000000005,0.6858391262726801,0.6856748330121555
0.005845,0.6857200089101864,0.6855535097724963
0.0058475,0.6856005386073593,0.6854321865328371
0.00585,0.6854807153641989,0.6853108632931779
0.0058525,0.6853605391807052,0.6851895400535187
0.005855000000000001,0.6852400100568781,0.6850682168138594
0.005857500000000001,0.6851191279927177,0.6849468935742002
0.005860000000000001,0.684997892988224,0.6848255703345411
0.0058625000000000005,0.6848763050433971,0.6847042470948819
0.005865,0.6847543641582368,0.6845829238552227
0.0058675,0.6846320703327432,0.6844616006155635
0.00587,0.6845094235669162,0.6843402773759042
0.0058725,0.6843864238607561,0.684218954136245
0.005875000000000001,0.6842630712142624,0.6840976308965858
0.005877500000000001,0.6841393656274356,0.6839763076569266
0.005880000000000001,0.6840153071002754,0.6838549844172674
0.005882500000000001,0.6838908956327818,0.6837336611776081
0.0058850000000000005,0.6837661312249551,0.683612337937949
0.0058875,0.6836410138767949,0.6834910146982898
0.00589,0.6835155435883015,0.6833696914586306
0.0058925,0.6833897203594748,0.6832483682189714
0.005895,0.6832635441903147,0.6831270449793122
0.005897500000000001,0.6831370150808213,0.6830057217396529
0.005900000000000001,0.6830101330309946,0.6828843984999937
0.005902500000000001,0.6828828980408345,0.6827630752603345
0.0059050000000000005,0.6827553101103413,0.6826417520206753
0.0059075,0.6826273692395145,0.6825204287810162
0.00591,0.6824990754283545,0.682399105541357
0.0059125,0.6823704286768613,0.6822777823016978
0.005915,0.6822414289850347,0.6821564590620385
0.005917500000000001,0.6821120763528749,0.6820351358223793
0.005920000000000001,0.6819823707803815,0.6819138125827201
0.005922500000000001,0.681852312267555,0.6817924893430609
0.005925000000000001,0.6817219008143952,0.6816711661034017
0.0059275000000000005,0.681591136420902,0.6815498428637424
0.00593,0.6814600190870755,0.6814285196240832
0.0059325,0.6813285488129157,0.681307196384424
0.005935,0.6811967255984226,0.6811858731447649
0.0059375,0.6810645494435962,0.6810645499051057
0.005940000000000001,0.6809320203484365,0.6809211678945993
0.005942500000000001,0.6807991383129434,0.680777785884093
0.005945000000000001,0.680665903337117,0.6806344038735866
0.0059475000000000005,0.6805323154209573,0.6804910218630803
0.00595,0.6803983745644644,0.680347639852574
0.0059525,0.680264080767638,0.6802042578420676
0.005955,0.6801294340304784,0.6800608758315613
0.0059575,0.6799944343529853,0.6799174938210549
0.005960000000000001,0.6798590817351592,0.6797741118105486
0.005962500000000001,0.6797233761769995,0.6796307298000422
0.005965000000000001,0.6795873176785067,0.6794873477895359
0.005967500000000001,0.6794509062396804,0.6793439657790296
0.0059700000000000005,0.6793141418605209,0.6792005837685232
0.0059725,0.6791770245410281,0.679057201758017
0.005975,0.6790395542812019,0.6789138197475106
0.0059775,0.6789017310810425,0.6787704377370043
0.00598,0.6787635549405497,0.678627055726498
0.005982500000000001,0.6786250258597236,0.6784836737159915
0.005985000000000001,0.6784861438385642,0.6783402917054853
0.005987500000000001,0.6783469088770715,0.6781969096949789
0.0059900000000000005,0.6782073209752454,0.6780535276844726
0.0059925,0.6780673801330861,0.6779101456739662
0.005995,0.6779270863505933,0.6777667636634599
0.0059975,0.6777864396277673,0.6776233816529535
0.006,0.6776454399646081,0.6774799996424472
0.006002500000000001,0.6775040873611154,0.6773366176319409
0.006005000000000001,0.6773623818172895,0.6771932356214345
0.006007500000000001,0.6772203233331302,0.6770498536109282
0.006010000000000001,0.6770779119086378,0.6769064716004218
0.0060125000000000005,0.6769351475438118,0.6767630895899155
0.006015,0.6767920302386528,0.6766197075794091
0.0060175,0.6766485599931602,0.6764763255689028
0.00602,0.6765047368073344,0.6763329435583966
0.0060225,0.6763605606811752,0.6761895615478902
0.006025000000000001,0.6762160316146827,0.6760461795373838
0.006027500000000001,0.676071149607857,0.6759027975268774
0.006030000000000001,0.6759259146606978,0.6757594155163712
0.0060325000000000005,0.6757803267732054,0.6756160335058649
0.006035,0.6756343859453797,0.6754726514953585
0.0060375,0.6754880921772208,0.6753292694848522
0.00604,0.6753414454687284,0.6751858874743458
0.0060425,0.6751944458199028,0.6750425054638395
0.006045000000000001,0.6750470932307437,0.6748991234533331
0.006047500000000001,0.6748993877012515,0.6747557414428268
0.006050000000000001,0.6747513292314259,0.6746123594323205
0.006052500000000001,0.674602917821267,0.6744689774218141
0.0060550000000000005,0.6744541534707748,0.6743255954113078
0.0060575,0.6743050361799492,0.6741822134008014
0.00606,0.6741555659487903,0.6740388313902951
0.0060625,0.6740057427772982,0.6738954493797887
0.006065,0.6738555666654727,0.6737520673692825
0.006067500000000001,0.6737050376133138,0.673608685358776
0.006070000000000001,0.6735541556208218,0.6734653033482697
0.006072500000000001,0.6734029206879963,0.6733219213377634
0.0060750000000000005,0.6732513328148376,0.673178539327257
0.0060775000000000004,0.6730993920013455,0.6730351573167508
0.00608,0.6729470982475201,0.6728917753062444
0.0060825,0.6727944515533615,0.6727483932957381
0.006085,0.6726414519188694,0.6726050112852318
0.006087500000000001,0.6724880993440441,0.6724616292747254
0.006090000000000001,0.6723343938288854,0.6723182472642191
0.006092500000000001,0.6721803353733935,0.6721748652537127
0.006095000000000001,0.6720259239775682,0.6720204538577828
0.0060975000000000005,0.6718711596414096,0.6718550130764294
0.0061,0.6717160423649178,0.6716895722950759
0.0061025,0.6715605721480926,0.6715241315137224
0.006105,0.671404748990934,0.671358690732369
0.0061075,0.6712485728934422,0.6711932499510155
0.006110000000000001,0.6710920438556169,0.671027809169662
0.006112500000000001,0.6709351618774585,0.6708623683883085
0.006115000000000001,0.6707779269589668,0.6706969276069551
0.0061175000000000005,0.6706203391001416,0.6705314868256016
0.0061200000000000004,0.6704623983009832,0.6703660460442481
0.0061225,0.6703041045614915,0.6702006052628947
0.006125,0.6701454578816665,0.6700351644815412
0.0061275,0.669986458261508,0.6698697237001877
0.006130000000000001,0.6698271057010164,0.6697042829188342
0.006132500000000001,0.6696674002001914,0.6695388421374808
0.006135000000000001,0.669507341759033,0.6693734013561273
0.006137500000000001,0.6693469303775416,0.6692079605747738
0.0061400000000000005,0.6691861660557165,0.6690425197934204
0.0061425,0.6690250487935584,0.6688770790120669
0.006145,0.6688635785910667,0.6687116382307134
0.0061475,0.6687017554482418,0.6685461974493601
0.00615,0.6685395793650837,0.6683807566680066
0.006152500000000001,0.6683770503415922,0.6682153158866531
0.006155000000000001,0.6682141683777673,0.6680498751052996
0.006157500000000001,0.6680509334736092,0.6678844343239461
0.0061600000000000005,0.6678873456291177,0.6677189935425927
0.0061625000000000004,0.6677234048442929,0.6675535527612392
0.006165,0.6675591111191349,0.6673881119798857
0.0061675,0.6673944644536434,0.6672226711985323
0.00617,0.6672294648478189,0.6670572304171788
0.006172500000000001,0.6670641123016606,0.6668917896358253
0.006175000000000001,0.6668984068151693,0.6667263488544718
0.006177500000000001,0.6667323483883447,0.6665609080731184
0.006180000000000001,0.6665659370211867,0.6663954672917649
0.0061825000000000005,0.6663991727136954,0.6662300265104114
0.006185,0.6662320554658709,0.666064585729058
0.0061875,0.6660645852777128,0.6658991449477045
0.00619,0.6658967621492217,0.665733704166351
0.0061925,0.6657285860803972,0.6655682633849976
0.006195000000000001,0.6655600570712391,0.6654028226036441
0.006197500000000001,0.6653911751217481,0.6652373818222906
0.006200000000000001,0.6652219402319235,0.6650719410409371
0.0062025000000000005,0.6650523524017657,0.6649065002595838
0.0062050000000000004,0.6648824116312747,0.6647410594782303
0.0062075,0.6647121179204503,0.6645756186968768
0.00621,0.6645414712692924,0.6644101779155234
0.0062125,0.6643704716778014,0.6642447371341699
0.006215000000000001,0.664199119145977,0.6640792963528164
0.006217500000000001,0.6640274136738192,0.6639138555714629
0.006220000000000001,0.6638553552613282,0.6637484147901094
0.006222500000000001,0.6636829439085039,0.663582974008756
0.0062250000000000005,0.6635101796153464,0.6634175332274025
0.0062275,0.6633370623818553,0.663252092446049
0.00623,0.6631635922080311,0.6630866516646956
0.0062325,0.6629897690938735,0.6629212108833421
0.006235,0.6628155930393826,0.6627557701019886
0.006237500000000001,0.6626410640445584,0.6625903293206351
0.006240000000000001,0.6624661821094008,0.6624248885392817
0.006242500000000001,0.6622909472339099,0.6622594477579282
0.0062450000000000006,0.6621153594180859,0.6620940069765747
0.0062475000000000004,0.6619394186619284,0.6619285661952213
0.00625,0.6617631249654375,0.6617631254138678
0.0062525,0.6615864783286135,0.6615756258616673
0.006255,0.661409478751456,0.6613881263094666
0.006257500000000001,0.6612321262339653,0.661200626757266
0.006260000000000001,0.6610544207761412,0.6610131272050654
0.006262500000000001,0.6608763623779839,0.6608256276528649
0.006265000000000001,0.6606979510394931,0.6606381281006642
0.0062675000000000005,0.6605191867606692,0.6604506285484637
0.00627,0.6603400695415119,0.660263128996263
0.0062725,0.6601605993820213,0.6600756294440625
0.006275,0.6599807762821974,0.659888129891862
0.0062775,0.6598006002420401,0.6597006303396613
0.006280000000000001,0.6596200712615494,0.6595131307874607
0.006282500000000001,0.6594391893407255,0.6593256312352601
0.006285000000000001,0.6592579544795684,0.6591381316830596
0.0062875000000000006,0.6590763666780779,0.6589506321308589
0.0062900000000000005,0.658894425936254,0.6587631325786584
0.0062925,0.6587121322540969,0.6585756330264577
0.006295,0.6585294856316065,0.6583881334742572
0.0062975,0.6583464860687828,0.6582006339220566
0.006300000000000001,0.6581631335656256,0.658013134369856
0.006302500000000001,0.6579794281221352,0.6578256348176553
0.006305000000000001,0.6577953697383114,0.6576381352654548
0.006307500000000001,0.6576109584141545,0.6574506357132542
0.0063100000000000005,0.6574261941496641,0.6572631361610536
0.0063125,0.6572410769448405,0.657075636608853
0.006315,0.6570556067996834,0.6568881370566524
0.0063175,0.6568697837141932,0.6567006375044518
0.00632,0.6566836076883695,0.6565131379522513
0.006322500000000001,0.6564970787222126,0.6563256384000506
0.006325000000000001,0.6563101968157223,0.65613813884785
0.006327500000000001,0.6561229619688989,0.6559506392956495
0.0063300000000000006,0.655935374181742,0.6557631397434489
0.0063325000000000005,0.6557474334542517,0.6555756401912483
0.006335,0.6555591397864283,0.6553881406390477
0.0063375,0.6553704931782715,0.6552006410868471
0.00634,0.6551814936297814,0.6550131415346465
0.006342500000000001,0.6549921411409578,0.6548256419824459
0.006345000000000001,0.6548024357118012,0.6546381424302453
0.006347500000000001,0.6546123773423109,0.6544506428780447
0.006350000000000001,0.6544219660324876,0.6542631433258441
0.0063525000000000005,0.6542312017823309,0.6540756437736436
0.006355,0.6540400845918409,0.6538881442214429
0.0063575,0.6538486144610176,0.6537006446692424
0.00636,0.6536567913898609,0.6535131451170417
0.0063625,0.653464615378371,0.6533256455648412
0.006365000000000001,0.6532720864265477,0.6531381460126405
0.006367500000000001,0.6530792045343912,0.65295064646044
0.006370000000000001,0.6528859697019012,0.6527631469082393
0.0063725000000000006,0.652692381929078,0.6525756473560388
0.0063750000000000005,0.6524984412159215,0.6523881478038382
0.0063775,0.6523041475624316,0.6522006482516376
0.00638,0.6521095009686084,0.652013148699437
0.0063825,0.6519145014344521,0.6518256491472364
0.006385000000000001,0.6517191489599621,0.6516381495950357
0.006387500000000001,0.651523443545139,0.6514506500428352
0.006390000000000001,0.6513273851899826,0.6512631504906347
0.006392500000000001,0.6511309738944928,0.651075650938434
0.0063950000000000005,0.6509342096586698,0.6508881513862335
0.0063975,0.6507370924825134,0.6507006518340329
0.0064,0.6505396223660237,0.6505131522818323
0.0064025,0.6503417993092007,0.6503256527296317
0.006405,0.6501436233120444,0.6501381531774311
0.006407500000000001,0.6499450943745547,0.6499396242398069
0.006410000000000001,0.6497462124967318,0.6497300659167592
0.006412500000000001,0.6495469776785755,0.6495205075937115
0.0064150000000000006,0.6493473899200859,0.6493109492706638
0.0064175000000000005,0.6491474492212631,0.649101390947616
0.00642,0.6489471555821069,0.6488918326245683
0.0064225,0.6487465090026174,0.6486822743015206
0.006425,0.6485455094827945,0.6484727159784729
0.006427500000000001,0.6483441570226384,0.6482631576554251
0.006430000000000001,0.6481424516221489,0.6480535993323774
0.006432500000000001,0.6479403932813261,0.6478440410093297
0.006435000000000001,0.6477379820001701,0.647634482686282
0.0064375000000000005,0.6475352177786807,0.6474249243632343
0.00644,0.6473321006168579,0.6472153660401866
0.0064425,0.6471286305147019,0.6470058077171388
0.006445,0.6469248074722126,0.6467962493940911
0.0064475,0.6467206314893899,0.6465866910710434
0.006450000000000001,0.6465161025662338,0.6463771327479956
0.006452500000000001,0.6463112207027446,0.6461675744249479
0.006455000000000001,0.646105985898922,0.6459580161019002
0.0064575000000000006,0.645900398154766,0.6457484577788525
0.0064600000000000005,0.6456944574702769,0.6455388994558048
0.0064625,0.6454881638454543,0.6453293411327571
0.006465,0.6452815172802985,0.6451197828097094
0.0064675,0.6450745177748093,0.6449102244866617
0.006470000000000001,0.6448671653289867,0.6447006661636139
0.006472500000000001,0.6446594599428308,0.6444911078405662
0.006475000000000001,0.6444514016163416,0.6442815495175184
0.006477500000000001,0.6442429903495193,0.6440719911944707
0.0064800000000000005,0.6440342261423635,0.643862432871423
0.0064825,0.6438251089948744,0.6436528745483753
0.006485,0.6436156389070521,0.6434433162253276
0.0064875,0.6434058158788963,0.6432337579022799
0.00649,0.6431956399104073,0.6430241995792322
0.006492500000000001,0.642985111001585,0.6428146412561844
0.006495000000000001,0.6427742291524292,0.6426050829331367
0.006497500000000001,0.6425629943629404,0.642395524610089
0.006500000000000001,0.6423514066331181,0.6421859662870413
0.0065025000000000005,0.6421394659629625,0.6419764079639935
0.006505,0.6419271723524735,0.6417668496409458
0.0065075,0.6417145258016513,0.6415572913178981
0.00651,0.6415015263104958,0.6413477329948504
0.006512500000000001,0.6412881738790068,0.6411381746718026
0.006515000000000001,0.6410744685071847,0.6409286163487549
0.006517500000000001,0.6408604101950293,0.6407190580257072
0.006520000000000001,0.6406459989425405,0.6405094997026595
0.0065225000000000005,0.6404312347497183,0.6402999413796118
0.006525,0.6402161176165629,0.6400903830565641
0.0065275,0.6400006475430742,0.6398808247335163
0.00653,0.6397848245292521,0.6396712664104686
0.0065325,0.6395686485750968,0.6394617080874209
0.006535000000000001,0.639352119680608,0.6392521497643731
0.006537500000000001,0.639135237845786,0.6390425914413254
0.006540000000000001,0.6389180030706306,0.6388330331182777
0.006542500000000001,0.6387004153551421,0.63862347479523
0.0065450000000000005,0.6384824746993201,0.6384139164721823
0.0065475,0.6382641811031649,0.6382043581491346
0.00655,0.6380455345666763,0.6379947998260869
0.0065525,0.6378265350898544,0.6377852415030392
0.006555000000000001,0.6376071826726991,0.6375756831799914
0.006557500000000001,0.6373874773152105,0.6373661248569437
0.006560000000000001,0.6371674190173888,0.6371565665338959
0.006562500000000001,0.6369470077792336,0.6369470082108482
0.0065650000000000005,0.6367262436007453,0.6367153911169533
0.0065675,0.6365051264819234,0.6364837740230584
0.00657,0.6362836564227683,0.6362521569291637
0.0065725,0.6360618334232799,0.6360205398352688
0.006575,0.6358396574834583,0.635788922741374
0.006577500000000001,0.635617128603303,0.635557305647479
0.006580000000000001,0.6353942467828148,0.6353256885535842
0.006582500000000001,0.635171012021993,0.6350940714596893
0.006585000000000001,0.6349474243208381,0.6348624543657946
0.0065875000000000005,0.6347234836793497,0.6346308372718997
0.00659,0.6344991900975282,0.6343992201780049
0.0065925,0.6342745435753733,0.63416760308411
0.006595,0.6340495441128849,0.6339359859902152
0.006597500000000001,0.6338241917100634,0.6337043688963202
0.006600000000000001,0.6335984863669084,0.6334727518024253
0.006602500000000001,0.6333724280834203,0.6332411347085306
0.006605000000000001,0.6331460168595988,0.6330095176146358
0.0066075000000000005,0.6329192526954441,0.6327779005207409
0.00661,0.6326921355909559,0.632546283426846
0.0066125,0.6324646655461343,0.6323146663329512
0.006615,0.6322368425609797,0.6320830492390563
0.0066175,0.6320086666354916,0.6318514321451615
0.006620000000000001,0.6317801377696701,0.6316198150512666
0.006622500000000001,0.6315512559635155,0.6313881979573718
0.006625000000000001,0.6313220212170274,0.6311565808634769
0.006627500000000001,0.631092433530206,0.6309249637695821
0.0066300000000000005,0.6308624929030515,0.6306933466756872
0.0066325,0.6306321993355635,0.6304617295817924
0.006635,0.6304015528277422,0.6302301124878975
0.0066375,0.6301705533795876,0.6299984953940027
0.006640000000000001,0.6299392009910996,0.6297668783001078
0.006642500000000001,0.6297074956622783,0.629535261206213
0.006645000000000001,0.6294754373931237,0.6293036441123181
0.006647500000000001,0.629243026183636,0.6290720270184232
0.0066500000000000005,0.6290102620338148,0.6288404099245284
0.0066525,0.6287771449436603,0.6286087928306335
0.006655,0.6285436749131725,0.6283771757367387
0.0066575,0.6283098519423514,0.6281455586428439
0.00666,0.628075676031197,0.6279139415489491
0.006662500000000001,0.6278411471797092,0.6276823244550541
0.006665000000000001,0.6276062653878882,0.6274507073611593
0.006667500000000001,0.6273710306557337,0.6272190902672644
0.006670000000000001,0.6271354429832461,0.6269874731733696
0.0066725000000000005,0.626899502370425,0.6267558560794748
0.006675,0.6266632088172708,0.62652423898558
0.0066775,0.6264265623237831,0.6262926218916851
0.00668,0.6261895628899622,0.6260610047977903
0.006682500000000001,0.6259522105158078,0.6258293877038953
0.006685000000000001,0.6257145052013203,0.6255977706100004
0.006687500000000001,0.6254764469464993,0.6253661535161056
0.006690000000000001,0.6252380357513452,0.6251345364222108
0.0066925000000000005,0.6249992716158577,0.624902919328316
0.006695,0.6247601545400367,0.6246713022344211
0.0066975,0.6245206845238827,0.6244396851405263
0.0067,0.6242808615673952,0.6242080680466314
0.0067025,0.6240406856705745,0.6239764509527366
0.006705000000000001,0.6238001568334203,0.6237448338588417
0.006707500000000001,0.6235592750559328,0.6235132167649469
0.006710000000000001,0.6233180403381121,0.623281599671052
0.006712500000000001,0.623076452679958,0.6230499825771572
0.0067150000000000005,0.6228345120814708,0.6228183654832623
0.0067175,0.6225922185426501,0.6225867483893675
0.00672,0.6223495720634961,0.6223441019100491
0.0067225,0.6221065726440087,0.6220904260453071
0.006725000000000001,0.6218632202841881,0.6218367501805651
0.006727500000000001,0.6216195149840341,0.621583074315823
0.006730000000000001,0.621375456743547,0.621329398451081
0.006732500000000001,0.6211310455627262,0.6210757225863391
0.0067350000000000005,0.6208862814415724,0.6208220467215971
0.0067375,0.6206411643800852,0.6205683708568552
0.00674,0.6203956943782648,0.6203146949921132
0.0067425,0.6201498714361109,0.6200610191273712
0.006745,0.6199036955536239,0.6198073432626293
0.006747500000000001,0.6196571667308033,0.6195536673978872
0.006750000000000001,0.6194102849676495,0.6192999915331453
0.006752500000000001,0.6191630502641625,0.6190463156684033
0.006755000000000001,0.618915462620342,0.6187926398036613
0.0067575000000000005,0.6186675220361884,0.6185389639389194
0.00676,0.6184192285117013,0.6182852880741774
0.0067625,0.618170582046881,0.6180316122094354
0.006765,0.6179215826417274,0.6177779363446935
0.006767500000000001,0.6176722302962403,0.6175242604799513
0.006770000000000001,0.61742252501042,0.6172705846152094
0.006772500000000001,0.6171724667842664,0.6170169087504674
0.006775000000000001,0.6169220556177795,0.6167632328857254
0.0067775000000000005,0.6166712915109593,0.6165095570209835
0.0067800000000000004,0.6164201744638057,0.6162558811562415
0.0067825,0.6161687044763189,0.6160022052914996
0.006785,0.6159168815484988,0.6157485294267576
0.0067875,0.6156647056803451,0.6154948535620156
0.006790000000000001,0.6154121768718583,0.6152411776972736
0.006792500000000001,0.6151592951230382,0.6149875018325316
0.006795000000000001,0.6149060604338848,0.6147338259677897
0.006797500000000001,0.614652472804398,0.6144801501030477
0.0068000000000000005,0.6143985322345781,0.6142264742383057
0.0068025,0.6141442387244246,0.6139727983735638
0.006805,0.6138895922739379,0.6137191225088218
0.0068075,0.613634592883118,0.6134654466440798
0.006810000000000001,0.6133792405519645,0.6132117707793378
0.006812500000000001,0.6131235352804779,0.6129580949145957
0.006815000000000001,0.6128674770686579,0.6127044190498538
0.006817500000000001,0.6126110659165047,0.6124507431851118
0.0068200000000000005,0.6123543018240181,0.6121970673203698
0.0068225000000000004,0.6120971847911982,0.6119433914556279
0.006825,0.611839714818045,0.6116897155908859
0.0068275,0.6115818919045585,0.611436039726144
0.00683,0.6113237160507385,0.611182363861402
0.006832500000000001,0.6110651872565854,0.61092868799666
0.006835000000000001,0.6108063055220989,0.610675012131918
0.006837500000000001,0.6105470708472791,0.610421336267176
0.006840000000000001,0.610287483232126,0.6101676604024341
0.0068425000000000005,0.6100275426766395,0.6099139845376921
0.006845,0.6097672491808198,0.6096603086729501
0.0068475,0.6095066027446668,0.6094066328082082
0.00685,0.6092456033681805,0.6091529569434662
0.006852500000000001,0.6089842510513607,0.6088992810787242
0.006855000000000001,0.6087225457942077,0.6086456052139821
0.006857500000000001,0.6084604875967214,0.6083919293492401
0.006860000000000001,0.6081980764589018,0.6081382534844982
0.0068625000000000005,0.6079353123807488,0.6078845776197562
0.0068650000000000004,0.6076721953622626,0.6076309017550143
0.0068675,0.607408725403443,0.6073772258902723
0.00687,0.6071449025042902,0.6071235500255303
0.0068725,0.606880726664804,0.6068698741607884
0.006875000000000001,0.6066161978849843,0.6066161982960463
0.006877500000000001,0.6063513161648315,0.6063404636604572
0.006880000000000001,0.6060860815043454,0.6060647290248681
0.006882500000000001,0.605820493903526,0.605788994389279
0.0068850000000000005,0.6055545533623732,0.60551325975369
0.0068875,0.6052882598808871,0.6052375251181008
0.00689,0.6050216134590678,0.6049617904825118
0.0068925,0.6047546140969149,0.6046860558469226
0.006895000000000001,0.6044872617944289,0.6044103212113334
0.006897500000000001,0.6042195565516095,0.6041345865757444
0.006900000000000001,0.6039514983684569,0.6038588519401552
0.006902500000000001,0.6036830872449709,0.6035831173045662
0.0069050000000000005,0.6034143231811517,0.6033073826689771
0.0069075000000000004,0.6031452061769991,0.6030316480333879
0.00691,0.6028757362325132,0.6027559133977989
0.0069125,0.6026059133476939,0.6024801787622097
0.006915,0.6023357375225414,0.6022044441266207
0.006917500000000001,0.6020652087570554,0.6019287094910315
0.006920000000000001,0.6017943270512361,0.6016529748554423
0.006922500000000001,0.6015230924050837,0.6013772402198533
0.006925000000000001,0.6012515048185979,0.6011015055842642
0.0069275000000000005,0.6009795642917788,0.6008257709486751
0.00693,0.6007072708246264,0.600550036313086
0.0069325,0.6004346244171407,0.6002743016774968
0.006935,0.6001616250693216,0.5999985670419078
0.006937500000000001,0.5998882727811691,0.5997228324063186
0.006940000000000001,0.5996145675526834,0.5994470977707295
0.006942500000000001,0.5993405093838644,0.5991713631351404
0.006945000000000001,0.599066098274712,0.5988956284995514
0.0069475000000000006,0.5987913342252263,0.5986198938639622
0.0069500000000000004,0.5985162172354075,0.5983441592283731
0.0069525,0.5982407473052552,0.598068424592784
0.006955,0.5979649244347696,0.5977926899571949
0.0069575,0.5976887486239507,0.5975169553216059
0.006960000000000001,0.5974122198727985,0.5972412206860166
0.006962500000000001,0.5971353381813129,0.5969654860504275
0.006965000000000001,0.5968581035494941,0.5966897514148385
0.006967500000000001,0.5965805159773419,0.5964140167792493
0.0069700000000000005,0.5963025754648564,0.5961382821436603
0.0069725,0.5960242820120376,0.5958625475080711
0.006975,0.5957456356188855,0.595586812872482
0.0069775,0.5954666362854001,0.595311078236893
0.006980000000000001,0.5951872840115813,0.5950353436013037
0.006982500000000001,0.5949075787974293,0.5947596089657147
0.006985000000000001,0.5946275206429438,0.5944838743301256
0.006987500000000001,0.5943471095481252,0.5942081396945365
0.0069900000000000006,0.5940663455129731,0.5939324050589474
0.0069925000000000005,0.5937852285374879,0.5936566704233582
0.006995,0.5935037586216693,0.5933809357877692
0.0069975,0.5932219357655174,0.5931052011521801
0.007,0.592939759969032,0.592829466516591
0.007002500000000001,0.5926572312322135,0.5925537318810018
0.007005000000000001,0.5923743495550615,0.5922779972454127
0.007007500000000001,0.5920911149375764,0.5920022626098236
0.007010000000000001,0.5918075273797578,0.5917265279742345
0.0070125000000000005,0.591523586881606,0.5914507933386454
0.007015,0.5912392934431209,0.5911750587030563
0.0070175,0.5909546470643023,0.5908993240674673
0.00702,0.5906696477451506,0.5906235894318781
0.007022500000000001,0.5903842954856654,0.5903478547962889
0.007025000000000001,0.5900985902858471,0.5900721201606999
0.007027500000000001,0.5898125321456953,0.5897963855251107
0.007030000000000001,0.5895261210652104,0.5895206508895217
0.0070325000000000006,0.5892393570443919,0.589233886868509
0.0070350000000000005,0.5889522400832402,0.5889360934620728
0.0070375,0.5886647701817553,0.5886383000556366
0.00704,0.5883769473399371,0.5883405066492002
0.0070425,0.5880887715577855,0.588042713242764
0.007045000000000001,0.5878002428353004,0.5877449198363277
0.007047500000000001,0.5875113611724823,0.5874471264298915
0.007050000000000001,0.5872221265693306,0.5871493330234553
0.007052500000000001,0.5869325390258459,0.5868515396170191
0.0070550000000000005,0.5866425985420276,0.5865537462105829
0.0070575,0.5863523051178761,0.5862559528041466
0.00706,0.5860616587533913,0.5859581593977103
0.0070625,0.5857706594485731,0.5856603659912741
0.007065000000000001,0.5854793072034217,0.5853625725848378
0.007067500000000001,0.5851876020179368,0.5850647791784016
0.007070000000000001,0.5848955438921188,0.5847669857719654
0.007072500000000001,0.5846031328259674,0.5844691923655291
0.0070750000000000006,0.5843103688194828,0.5841713989590929
0.0070775000000000005,0.5840172518726646,0.5838736055526567
0.00708,0.5837237819855133,0.5835758121462205
0.0070825,0.5834299591580288,0.5832780187397842
0.007085,0.5831357833902108,0.582980225333348
0.007087500000000001,0.5828412546820594,0.5826824319269116
0.007090000000000001,0.5825463730335748,0.5823846385204754
0.007092500000000001,0.582251138444757,0.5820868451140392
0.007095000000000001,0.5819555509156057,0.581789051707603
0.0070975000000000005,0.5816596104461211,0.5814912583011668
0.0071,0.5813633170363033,0.5811934648947306
0.0071025,0.5810666706861521,0.5808956714882942
0.007105,0.5807696713956677,0.580597878081858
0.007107500000000001,0.5804723191648498,0.5803000846754217
0.007110000000000001,0.5801746139936986,0.5800022912689855
0.007112500000000001,0.5798765558822143,0.5797044978625493
0.007115000000000001,0.5795781448303966,0.5794067044561131
0.0071175000000000006,0.5792793808382454,0.5791089110496768
0.0071200000000000005,0.5789802639057611,0.5788111176432406
0.0071225,0.5786807940329434,0.5785133242368043
0.007125,0.5783809712197924,0.5782155308303681
0.0071275,0.5780807954663081,0.5779177374239319
0.007130000000000001,0.5777802667724904,0.5776199440174956
0.007132500000000001,0.5774793851383395,0.5773221506110594
0.007135000000000001,0.5771781505638552,0.5770243572046231
0.007137500000000001,0.5768765630490377,0.5767265637981869
0.0071400000000000005,0.5765746225938868,0.5764287703917507
0.0071425,0.5762723291984025,0.5761309769853145
0.007145,0.575969682862585,0.5758331835788782
0.0071475,0.5756666835864342,0.575535390172442
0.007150000000000001,0.57536333136995,0.5752375967660056
0.007152500000000001,0.5750596262131324,0.5749398033595694
0.007155000000000001,0.5747555681159817,0.5746420099531332
0.007157500000000001,0.5744511570784977,0.574344216546697
0.0071600000000000006,0.5741463931006802,0.5740464231402608
0.0071625000000000005,0.5738412761825296,0.5737486297338246
0.007165,0.5735358063240454,0.5734508363273882
0.0071675,0.5732299835252281,0.573153042920952
0.00717,0.5729238077860774,0.5728552495145158
0.007172500000000001,0.5726172791065934,0.5725574561080795
0.007175000000000001,0.572310397486776,0.5722596627016433
0.007177500000000001,0.5720031629266255,0.5719618692952071
0.007180000000000001,0.5716955754261416,0.5716640758887708
0.0071825000000000005,0.5713876349853243,0.5713662824823346
0.007185,0.5710793416041737,0.5710684890758984
0.0071875,0.57077069528269,0.5707706956694621
0.00719,0.5704616960208727,0.5704508434921788
0.007192500000000001,0.570152343818722,0.5701309913148953
0.007195000000000001,0.5698426386762383,0.5698111391376119
0.007197500000000001,0.5695325805934212,0.5694912869603286
0.007200000000000001,0.5692221695702707,0.5691714347830452
0.007202500000000001,0.568911405606787,0.568851582605762
0.0072050000000000005,0.5686002887029699,0.5685317304284786
0.0072075,0.5682888188588195,0.5682118782511952
0.00721,0.5679769960743358,0.5678920260739119
0.0072125,0.5676648203495188,0.5675721738966285
0.007215000000000001,0.5673522916843684,0.567252321719345
0.007217500000000001,0.5670394100788848,0.5669324695420617
0.007220000000000001,0.5667261755330678,0.5666126173647783
0.007222500000000001,0.5664125880469175,0.5662927651874949
0.0072250000000000005,0.5660986476204339,0.5659729130102116
0.0072275,0.565784354253617,0.5656530608329282
0.00723,0.5654697079464668,0.5653332086556448
0.0072325,0.5651547086989832,0.5650133564783616
0.007235000000000001,0.5648393565111662,0.5646935043010781
0.007237500000000001,0.5645236513830161,0.5643736521237948
0.007240000000000001,0.5642075933145326,0.5640537999465114
0.007242500000000001,0.5638911823057158,0.563733947769228
0.007245000000000001,0.5635744183565657,0.5634140955919447
0.0072475000000000005,0.5632573014670823,0.5630942434146613
0.00725,0.5629398316372656,0.5627743912373779
0.0072525,0.5626220088671156,0.5624545390600946
0.007255,0.5623038331566321,0.5621346868828112
0.007257500000000001,0.5619853045058153,0.5618148347055277
0.007260000000000001,0.5616664229146653,0.5614949825282445
0.007262500000000001,0.561347188383182,0.5611751303509611
0.007265000000000001,0.5610276009113654,0.5608552781736778
0.0072675000000000005,0.5607076604992154,0.5605354259963944
0.00727,0.5603873671467322,0.560215573819111
0.0072725,0.5600667208539156,0.5598957216418277
0.007275,0.5597457216207656,0.5595758694645443
0.007277500000000001,0.5594243694472825,0.5592560172872608
0.007280000000000001,0.5591026643334659,0.5589361651099775
0.007282500000000001,0.558780606279316,0.5586163129326941
0.007285000000000001,0.558458195284833,0.5582964607554107
0.007287500000000001,0.5581354313500164,0.5579766085781275
0.0072900000000000005,0.5578123144748667,0.5576567564008441
0.0072925,0.5574888446593835,0.5573369042235607
0.007295,0.5571650219035672,0.5570170520462774
0.0072975,0.5568408462074174,0.556697199868994
0.007300000000000001,0.5565163175709342,0.5563773476917105
0.007302500000000001,0.5561914359941179,0.5560574955144272
0.007305000000000001,0.5558662014769683,0.5557376433371438
0.007307500000000001,0.5555406140194853,0.5554177911598605
0.0073100000000000005,0.555214673621669,0.5550979389825771
0.0073125,0.5548883802835194,0.5547780868052937
0.007315,0.5545617340050364,0.5544582346280105
0.0073175,0.5542347347862202,0.5541383824507271
0.007320000000000001,0.5539073826270705,0.5538185302734436
0.007322500000000001,0.5535796775275876,0.5534986780961603
0.007325000000000001,0.5532516194877715,0.5531788259188769
0.007327500000000001,0.552923208507622,0.5528589737415935
0.007330000000000001,0.5525944445871391,0.5525391215643102
0.0073325000000000005,0.5522653277263231,0.5522192693870268
0.007335,0.5519358579251735,0.5518994172097434
0.0073375,0.5516060351836908,0.5515795650324601
0.00734,0.5512758595018747,0.5512597128551767
0.007342500000000001,0.5509453308797252,0.5509398606778932
0.007345000000000001,0.5506144493172426,0.5506089791151864
0.007347500000000001,0.5502832148144265,0.5502670681670558
0.007350000000000001,0.5499516273712772,0.5499251572189254
0.0073525000000000005,0.5496196869877945,0.5495832462707949
0.007355,0.5492873936639786,0.5492413353226644
0.0073575,0.5489547473998293,0.548899424374534
0.00736,0.5486217481953467,0.5485575134264035
0.007362500000000001,0.5482883960505307,0.5482156024782728
0.007365000000000001,0.5479546909653815,0.5478736915301424
0.007367500000000001,0.5476206329398989,0.5475317805820119
0.007370000000000001,0.547286221974083,0.5471898696338814
0.007372500000000001,0.5469514580679339,0.546847958685751
0.0073750000000000005,0.5466163412214513,0.5465060477376205
0.0073775,0.5462808714346357,0.5461641367894899
0.00738,0.5459450487074865,0.5458222258413595
0.0073825,0.545608873040004,0.545480314893229
0.007385000000000001,0.5452723444321882,0.5451384039450984
0.007387500000000001,0.5449354628840392,0.544796492996968
0.007390000000000001,0.5445982283955568,0.5444545820488375
0.007392500000000001,0.5442606409667411,0.5441126711007069
0.0073950000000000005,0.5439227005975921,0.5437707601525765
0.0073975,0.5435844072881097,0.543428849204446
0.0074,0.5432457610382941,0.5430869382563155
0.0074025,0.5429067618481451,0.5427450273081851
0.007405000000000001,0.5425674097176628,0.5424031163600544
0.007407500000000001,0.5422277046468472,0.5420612054119239
0.007410000000000001,0.5418876466356984,0.5417192944637935
0.007412500000000001,0.5415472356842161,0.541377383515663
0.007415000000000001,0.5412064717924007,0.5410354725675326
0.0074175000000000005,0.5408653549602518,0.5406935616194021
0.00742,0.5405238851877696,0.5403516506712716
0.0074225,0.5401820624749541,0.5400097397231411
0.007425,0.5398398868218054,0.5396678287750106
0.007427500000000001,0.5394973582283231,0.53932591782688
0.007430000000000001,0.5391544766945078,0.5389840068787495
0.007432500000000001,0.538811242220359,0.5386420959306191
0.007435000000000001,0.538467654805877,0.5383001849824885
0.0074375000000000005,0.5381237144510616,0.5379582740343581
0.00744,0.5377794211559129,0.5376163630862276
0.0074425,0.537434774920431,0.5372744521380971
0.007445,0.5370897757446156,0.5369325411899667
0.007447500000000001,0.536744423628467,0.5365906302418361
0.007450000000000001,0.536398718571985,0.5362487192937055
0.007452500000000001,0.5360526605751698,0.5359068083455751
0.007455000000000001,0.5357062496380212,0.5355648973974446
0.007457500000000001,0.5353594857605394,0.5352229864493141
0.0074600000000000005,0.5350123689427241,0.5348810755011837
0.0074625,0.5346648991845756,0.5345391645530532
0.007465,0.5343170764860938,0.5341972536049227
0.0074675,0.5339689008472787,0.5338553426567922
0.007470000000000001,0.5336203722681301,0.5335134317086616
0.007472500000000001,0.5332714907486483,0.5331715207605311
0.007475000000000001,0.5329222562888333,0.5328296098124007
0.007477500000000001,0.5325726688886849,0.5324876988642702
0.0074800000000000005,0.5322227285482031,0.5321457879161396
0.0074825000000000004,0.531872435267388,0.5318038769680092
0.007485,0.5315217890462398,0.5314619660198787
0.0074875,0.5311707898847582,0.5311200550717482
0.007490000000000001,0.530819437782943,0.5307781441236177
0.007492500000000001,0.5304677327407947,0.5304362331754872
0.007495000000000001,0.5301156747583131,0.5300943222273566
0.007497500000000001,0.5297632638354982,0.5297524112792262
0.007500000000000001,0.5294104999723501,0.5294105003310957
0.0075025000000000005,0.5290573831688685,0.529046530612118
0.007505,0.5287039134250535,0.5286825608931405
0.0075075,0.5283500907409054,0.5283185911741629
0.00751,0.5279959151164239,0.5279546214551852
0.007512500000000001,0.527641386551609,0.5275906517362076
0.007515000000000001,0.5272865050464609,0.5272266820172299
0.007517500000000001,0.5269312706009796,0.5268627122982523
0.007520000000000001,0.5265756832151647,0.5264987425792746
0.0075225000000000005,0.5262197428890166,0.5261347728602971
0.0075250000000000004,0.5258634496225353,0.5257708031413195
0.0075275,0.5255068034157206,0.5254068334223418
0.00753,0.5251498042685726,0.5250428637033643
0.007532500000000001,0.5247924521810912,0.5246788939843865
0.007535000000000001,0.5244347471532765,0.5243149242654089
0.007537500000000001,0.5240766891851286,0.5239509545464313
0.007540000000000001,0.5237182782766473,0.5235869848274537
0.007542500000000001,0.5233595144278327,0.5232230151084761
0.0075450000000000005,0.5230003976386849,0.5228590453894985
0.0075475,0.5226409279092036,0.5224950756705209
0.00755,0.5222811052393891,0.5221311059515432
0.0075525,0.5219209296292412,0.5217671362325657
0.007555000000000001,0.5215604010787599,0.5214031665135879
0.007557500000000001,0.5211995195879454,0.5210391967946103
0.007560000000000001,0.5208382851567978,0.5206752270756326
0.007562500000000001,0.5204766977853167,0.5203112573566551
0.0075650000000000005,0.5201147574735022,0.5199472876376775
0.0075675000000000004,0.5197524642213545,0.5195833179186998
0.00757,0.5193898180288734,0.5192193481997223
0.0075725,0.5190268188960591,0.5188553784807446
0.007575000000000001,0.5186634668229112,0.5184914087617669
0.007577500000000001,0.5182997618094304,0.5181274390427892
0.007580000000000001,0.517935703855616,0.5177634693238117
0.007582500000000001,0.5175712929614683,0.5173994996048341
0.007585000000000001,0.5172065291269874,0.5170355298858564
0.0075875000000000005,0.5168414123521732,0.5166715601668789
0.00759,0.5164759426370257,0.5163075904479012
0.0075925,0.5161101199815448,0.5159436207289236
0.007595,0.5157439443857305,0.5155796510099461
0.007597500000000001,0.5153774158495829,0.5152156812909683
0.007600000000000001,0.5150105343731021,0.5148517115719907
0.007602500000000001,0.5146432999562879,0.514487741853013
0.007605000000000001,0.5142757125991405,0.5141237721340355
0.0076075000000000005,0.5139077723016597,0.5137598024150578
0.0076100000000000004,0.5135394790638456,0.5133958326960802
0.0076125,0.5131708328856981,0.5130318629771027
0.007615,0.5128018337672176,0.512667893258125
0.007617500000000001,0.5124324817084033,0.5123039235391473
0.007620000000000001,0.5120627767092559,0.5119399538201697
0.007622500000000001,0.5116927187697754,0.5115759841011921
0.007625000000000001,0.5113223078899614,0.5112120143822144
0.007627500000000001,0.510951544069814,0.5108480446632369
0.0076300000000000005,0.5105804273093334,0.5104840749442592
0.0076325,0.5102089576085196,0.5101201052252816
0.007635,0.5098371349673724,0.509756135506304
0.0076375,0.5094649593858918,0.5093921657873264
0.007640000000000001,0.5090924308640778,0.5090281960683487
0.007642500000000001,0.5087195494019306,0.508664226349371
0.007645000000000001,0.5083463149994502,0.5083002566303935
0.007647500000000001,0.5079727276566363,0.5079362869114158
0.0076500000000000005,0.5075987873734893,0.5075723171924382
0.0076525000000000004,0.5072244941500087,0.5072083474734607
0.007655,0.5068498479861949,0.506844377754483
0.0076575,0.5064748488820479,0.5064693786500818
0.007660000000000001,0.5060994968375674,0.506083350160257
0.007662500000000001,0.5057237918527537,0.5056973216704322
0.007665000000000001,0.5053477339276068,0.5053112931806075
0.007667500000000001,0.5049713230621264,0.5049252646907827
0.007670000000000001,0.5045945592563127,0.504539236200958
0.0076725000000000005,0.5042174425101658,0.5041532077111333
0.007675,0.5038399728236854,0.5037671792213085
0.0076775,0.503462150196872,0.5033811507314838
0.007680000000000001,0.5030839746297249,0.5029951222416589
0.007682500000000001,0.5027054461222448,0.5026090937518342
0.007685000000000001,0.5023265646744312,0.5022230652620094
0.007687500000000001,0.5019473302862842,0.5018370367721847
0.007690000000000001,0.501567742957804,0.5014510082823599
0.0076925000000000006,0.5011878026889908,0.5010649797925352
0.0076950000000000005,0.500807509479844,0.5006789513027105
0.0076975,0.5004268633303638,0.5002929228128857
0.0077,0.5000458642405504,0.49990689432306096
0.007702500000000001,0.4996645122104035,0.49952086583323607
0.007705000000000001,0.49928280723992347,0.49913483734341135
0.007707500000000001,0.4989007493291101,0.49874880885358663
0.007710000000000001,0.49851833847796345,0.49836278036376186
0.007712500000000001,0.4981355746864834,0.49797675187393714
0.0077150000000000005,0.49775245795467016,0.4975907233841124
0.0077175,0.4973689882825234,0.49720469489428765
0.00772,0.49698516567004364,0.4968186664044629
0.007722500000000001,0.49660099011723013,0.49643263791463804
0.007725000000000001,0.4962164616240836,0.4960466094248133
0.007727500000000001,0.49583158019060375,0.49566058093498855
0.007730000000000001,0.49544634581679053,0.49527455244516383
0.007732500000000001,0.49506075850264397,0.49488852395533905
0.0077350000000000006,0.49467481824816417,0.49450249546551434
0.0077375000000000005,0.494288525053351,0.4941164669756896
0.00774,0.4939018789182046,0.49373043848586484
0.0077425,0.49351487984272474,0.4933444099960401
0.007745000000000001,0.4931275278269116,0.49295838150621524
0.007747500000000001,0.4927398228707651,0.4925723530163905
0.007750000000000001,0.4923517649742854,0.49218632452656574
0.007752500000000001,0.49196335413747244,0.491800296036741
0.007755000000000001,0.49157459036032614,0.4914142675469163
0.0077575000000000005,0.4911854736428464,0.49102823905709153
0.00776,0.4907960039850334,0.4906422105672668
0.0077625,0.49040618138688713,0.49025618207744204
0.007765000000000001,0.4900160058484074,0.4898701535876172
0.007767500000000001,0.4896254773695944,0.48948412509779243
0.007770000000000001,0.48923459595044827,0.4890980966079677
0.007772500000000001,0.4888433615909687,0.488712068118143
0.007775000000000001,0.4884517742911558,0.4883260396283182
0.0077775000000000006,0.48805983405100967,0.4879400111384935
0.0077800000000000005,0.48766754087053016,0.4875539826486687
0.0077825,0.48727489474971736,0.487167954158844
0.007785,0.4868818956885712,0.4867819256690193
0.007787500000000001,0.4864885436870917,0.4863958971791944
0.007790000000000001,0.48609483874527887,0.48600986868936963
0.007792500000000001,0.4857007808631328,0.4856238401995449
0.007795000000000001,0.4853063700406534,0.4852378117097202
0.007797500000000001,0.48491160627784075,0.4848517832198954
0.0078000000000000005,0.48451648957469473,0.4844657547300707
0.0078025,0.4841210199312154,0.484079726240246
0.007805,0.48372519734740277,0.4836936977504212
0.007807500000000001,0.48332902182325665,0.4833076692605963
0.007810000000000001,0.48293249335877736,0.4829216407707716
0.0078125,0.48253561195396494,0.482535612280947
0.007815,0.48213837760881895,0.482127525020275
0.0078175,0.4817407903233398,0.48171943775960324
0.00782,0.4813428500975271,0.48131135049893126
0.007822500000000001,0.48094455693138116,0.4809032632382592
0.007825,0.48054591082490217,0.4804951759775875
0.007827500000000001,0.4801469117780895,0.48008708871691547
0.00783,0.47974755979094386,0.47967900145624376
0.007832500000000001,0.47934785486346465,0.4792709141955718
0.007835,0.4789477969956523,0.4788628269349
0.0078375,0.4785473861875064,0.478454739674228
0.007840000000000001,0.4781466224390273,0.478046652413556
0.0078425,0.47774550575021507,0.4776385651528843
0.007845000000000001,0.4773440361210692,0.4772304778922123
0.0078475,0.4769422135515904,0.4768223906315405
0.007850000000000001,0.4765400380417779,0.47641430337086854
0.0078525,0.4761375095916324,0.4760062161101968
0.007855000000000001,0.4757346282011533,0.4755981288495248
0.0078575,0.47533139387034123,0.4751900415888531
0.00786,0.47492780659919553,0.47478195432818104
0.007862500000000001,0.4745238663877165,0.47437386706750906
0.007865,0.4741195732359044,0.4739657798068373
0.007867500000000001,0.47371492714375874,0.4735576925461653
0.00787,0.47330992811128014,0.4731496052854936
0.007872500000000001,0.47290457613846776,0.47274151802482156
0.007875,0.4724988712253224,0.47233343076414985
0.0078775,0.47209281337184356,0.4719253435034778
0.00788,0.4716864025780316,0.4715172562428061
0.0078825,0.471279638843886,0.4711091689821341
0.007885000000000001,0.4708725221694072,0.4707010817214621
0.0078875,0.47046505255459525,0.47029299446079037
0.007890000000000001,0.4700572299994498,0.46988490720011833
0.0078925,0.4696490545039712,0.4694768199394466
0.007895000000000001,0.4692405260681592,0.4690687326787746
0.0078975,0.468831644692014,0.4686606454181029
0.0079,0.46842241037553517,0.4682525581574309
0.0079025,0.46801282311872344,0.4678444708967591
0.007905,0.46760288292157803,0.46743638363608714
0.007907500000000001,0.46719258978409944,0.4670282963754151
0.00791,0.4667819437062876,0.4666202091147434
0.007912500000000001,0.46637094468814233,0.4662121218540714
0.007915,0.465959592729664,0.46580403459339964
0.007917500000000001,0.465547887830852,0.46539594733272766
0.00792,0.465135829991707,0.4649878600720559
0.0079225,0.46472341921222843,0.4645797728113839
0.007925000000000001,0.46431065549241657,0.4641716855507119
0.0079275,0.4638975388322716,0.46376359829004016
0.007930000000000001,0.463484069231793,0.4633555110293682
0.0079325,0.4630702466909815,0.4629474237686964
0.007935000000000001,0.4626560712098364,0.4625393365080244
0.0079375,0.46224154278835816,0.4621312492473527
0.007940000000000001,0.4618266614265464,0.4617231619866807
0.0079425,0.4614114271244016,0.46131507472600897
0.007945,0.46099583988192316,0.4609069874653369
0.007947500000000001,0.46057989969911134,0.46049890020466494
0.00795,0.46016360657596667,0.46009081294399323
0.007952500000000001,0.45974696051248826,0.4596827256833212
0.007955,0.4593299615086768,0.4592746384226495
0.007957500000000001,0.45891260956453184,0.45886655116197744
0.00796,0.4584949046800539,0.45845846390130573
0.0079625,0.4580768468552423,0.45805037664063375
0.007965,0.4576584360900976,0.457642289379962
0.0079675,0.4572396723846193,0.45723420211929
0.007970000000000001,0.45682055573880775,0.4568150854731944
0.0079725,0.4564010861526632,0.4563849394416756
0.007975000000000001,0.4559812636261849,0.4559547934101564
0.0079775,0.4555610881593737,0.45552464737863757
0.007980000000000001,0.45514055975222895,0.45509450134711843
0.0079825,0.45471967840475097,0.45466435531559957
0.007985,0.45429844411693954,0.4542342092840804
0.0079875,0.4538768568887951,0.45380406325256156
0.00799,0.453454916720317,0.4533739172210424
0.007992500000000001,0.4530326236115056,0.4529437711895233
0.007995,0.4526099775623611,0.4525136251580044
0.007997500000000001,0.4521869785728831,0.4520834791264853
0.008,0.4517636266430721,0.4516533330949664
0.008002500000000001,0.45133992177292737,0.4512231870634473
0.008005,0.45091586396244976,0.45079304103192847
0.0080075,0.4504914532116384,0.45036289500040927
0.008010000000000001,0.45006668952049383,0.44993274896889013
0.0080125,0.4496415728890162,0.4495026029373713
0.008015000000000001,0.4492161033172049,0.4490724569058522
0.0080175,0.44879028080506067,0.4486423108743333
0.008020000000000001,0.44836410535258275,0.4482121648428142
0.0080225,0.4479375769597718,0.4477820188112953
0.008025000000000001,0.44751069562662743,0.44735187277977617
0.0080275,0.44708346135314997,0.4469217267482573
0.00803,0.44665587413933866,0.44649158071673817
0.008032500000000001,0.44622793398519434,0.446061434685219
0.008035,0.44579964089071683,0.44563128865370016
0.008037500000000001,0.4453709948559058,0.445201142622181
0.00804,0.44494199588076166,0.4447709965906622
0.008042500000000001,0.444512643965284,0.444340850559143
0.008045,0.4440829391094732,0.4439107045276242
0.0080475,0.44365288131332886,0.44348055849610507
0.00805,0.44322247057685155,0.4430504124645862
0.0080525,0.4427917069000406,0.44262026643306707
0.008055000000000001,0.44236059028289637,0.4421901204015479
0.0080575,0.4419291207254189,0.44175997437002906
0.008060000000000001,0.4414972982276081,0.4413298283385099
0.0080625,0.44106512278946414,0.44089968230699106
0.008065000000000001,0.4406325944109866,0.4404695362754719
0.0080675,0.44019971309217604,0.44003939024395305
0.00807,0.4397664788330318,0.4396092442124339
0.0080725,0.43933289163355477,0.4391790981809151
0.008075,0.4388989514937439,0.4387489521493959
0.008077500000000001,0.4384646584135998,0.43831880611787677
0.00808,0.43803001239312267,0.43788866008635796
0.008082500000000001,0.4375950134323119,0.4374585140548388
0.008085,0.43715966153116814,0.43702836802331996
0.008087500000000001,0.4367239566896908,0.4365982219918008
0.00809,0.43628789890788033,0.43616807596028195
0.0080925,0.4358514881857364,0.4357379299287628
0.008095000000000001,0.435414724523259,0.43530778389724367
0.0080975,0.43497760792044865,0.4348776378657248
0.008100000000000001,0.4345401383773048,0.43444749183420567
0.0081025,0.43410231589382775,0.4340173458026868
0.008105000000000001,0.43366414047001717,0.43358719977116766
0.0081075,0.4332256121058736,0.43315705373964886
0.008110000000000001,0.4327867308013964,0.43272690770812966
0.0081125,0.43234749655658616,0.43229676167661085
0.008115,0.43190790937144236,0.4318666156450917
0.008117500000000001,0.4314679692459652,0.43143646961357257
0.00812,0.43102767618015503,0.4310063235820537
0.008122500000000001,0.43058703017401123,0.43057617755053457
0.008125,0.4301460312275345,0.4301460315190157
0.008127500000000001,0.429704679340724,0.4296938267166494
0.00813,0.42926297451358053,0.42924162191428344
0.0081325,0.4288209167461035,0.42878941711191715
0.008135,0.42837850603829347,0.4283372123095512
0.0081375,0.4279357423901498,0.42788500750718494
0.008140000000000001,0.42749262580167274,0.42743280270481865
0.0081425,0.42704915627286283,0.4269805979024527
0.008145000000000001,0.4266053338037192,0.4265283931000864
0.0081475,0.42616115839424257,0.4260761882977204
0.008150000000000001,0.4257166300444322,0.42562398349535413
0.0081525,0.425271748754289,0.42517177869298817
0.008155,0.42482651452381215,0.42471957389062187
0.0081575,0.42438092735300226,0.4242673690882559
0.00816,0.4239349872418587,0.4238151642858896
0.008162500000000001,0.423488694190382,0.42336295948352337
0.008165,0.4230420481985721,0.4229107546811574
0.008167500000000001,0.4225950492664286,0.4224585498787911
0.00817,0.42214769739395214,0.42200634507642515
0.008172500000000001,0.4216999925811421,0.42155414027405885
0.008175,0.42125193482799905,0.4211019354716929
0.0081775,0.4208035241345222,0.4206497306693266
0.008180000000000002,0.42035476050071224,0.4201975258669603
0.0081825,0.41990564392656926,0.41974532106459433
0.008185000000000001,0.4194561744120925,0.4192931162622281
0.0081875,0.41900635195728286,0.4188409114598621
0.008190000000000001,0.41855617656213956,0.41838870665749583
0.0081925,0.41810564822666335,0.41793650185512987
0.008195000000000001,0.41765476695085335,0.4174842970527636
0.0081975,0.41720353273471045,0.4170320922503976
0.0082,0.41675194557823386,0.4165798874480313
0.008202500000000001,0.41630000548142404,0.416127682645665
0.008205,0.41584771244428115,0.41567547784329906
0.008207500000000001,0.41539506646680463,0.41522327304093276
0.00821,0.41494206754899515,0.4147710682385668
0.008212500000000001,0.414488715690852,0.4143188634362005
0.008215,0.4140350108923759,0.41386665863383454
0.0082175,0.4135809531535662,0.4134144538314683
0.00822,0.4131265424744234,0.41296224902910234
0.0082225,0.41267177885494694,0.41251004422673604
0.008225000000000001,0.41221666229513726,0.41205783942436974
0.0082275,0.4117611927949946,0.4116056346220038
0.008230000000000001,0.4113053703545183,0.4111534298196375
0.0082325,0.4108491949737089,0.4107012250172715
0.008235000000000001,0.41039266665256596,0.4102490202149052
0.0082375,0.40993578539109,0.40979681541253926
0.00824,0.40947855118928034,0.409344610610173
0.0082425,0.4090209640471378,0.408892405807807
0.008245,0.4085630239646616,0.40844020100544076
0.008247500000000001,0.4081047309418521,0.40798799620307447
0.00825,0.40764608497870947,0.4075357914007085
0.008252500000000001,0.40718708607523335,0.4070835865983422
0.008255,0.4067277342314242,0.40663138179597624
0.008257500000000001,0.4062680294472814,0.40617917699360995
0.00826,0.4058079717228056,0.405726972191244
0.0082625,0.4053475610579962,0.4052747673888777
0.008265000000000002,0.40488679745285344,0.40482256258651145
0.0082675,0.4044256809073776,0.40437035778414543
0.008270000000000001,0.4039642114215683,0.4039181529817792
0.0082725,0.40350238899542595,0.4034659481794132
0.008275000000000001,0.40304021362895,0.40301374337704693
0.0082775,0.40257768532214094,0.40256153857468097
0.008280000000000001,0.40211480407499833,0.40210933377231467
0.0082825,0.4016515698875227,0.40164609958452513
0.008285,0.40118798275971346,0.40117183601131173
0.008287500000000001,0.4007240426915708,0.4006975724380983
0.00829,0.4002597496830953,0.4002233088648852
0.008292500000000001,0.39979510373428606,0.3997490452916718
0.008295,0.3993301048451438,0.3992747817184587
0.008297500000000001,0.398864753015668,0.3988005181452453
0.0083,0.3983990482458592,0.3983262545720322
0.0083025,0.39793299053571674,0.3978519909988188
0.008305,0.39746657988524126,0.3973777274256057
0.0083075,0.39699981629443215,0.3969034638523923
0.008310000000000001,0.39653269976328975,0.39642920027917883
0.0083125,0.39606523029181434,0.39595493670596577
0.008315000000000001,0.3955974078800053,0.39548067313275237
0.0083175,0.39512923252786325,0.39500640955953925
0.008320000000000001,0.3946607042353876,0.39453214598632586
0.0083225,0.3941918230025789,0.39405788241311274
0.008325,0.3937225888294366,0.39358361883989934
0.0083275,0.39325300171596134,0.3931093552666862
0.00833,0.39278306166215243,0.3926350916934728
0.008332500000000001,0.3923127686680101,0.39216082812025943
0.008335,0.3918421227335349,0.3916865645470463
0.008337500000000001,0.3913711238587261,0.3912123009738329
0.00834,0.3908997720435842,0.3907380374006198
0.008342500000000001,0.39042806728810864,0.3902637738274064
0.008345,0.38995600959230015,0.3897895102541933
0.0083475,0.3894835989561581,0.3893152466809799
0.008350000000000002,0.38901083537968256,0.38884098310776644
0.0083525,0.38853771886287414,0.3883667195345534
0.008355000000000001,0.3880642494057321,0.38789245596134
0.0083575,0.387590427008257,0.38741819238812686
0.008360000000000001,0.3871162516704482,0.38694392881491346
0.0083625,0.38664172339230657,0.38646966524170034
0.008365000000000001,0.38616684217383124,0.38599540166848695
0.0083675,0.38569160801502295,0.38552113809527383
0.00837,0.3852160209158809,0.38504687452206043
0.008372500000000001,0.38474008087640565,0.384572610948847
0.008375,0.3842637878965974,0.3840983473756339
0.008377500000000001,0.3837871419764554,0.3836240838024205
0.00838,0.3833101431159805,0.3831498202292074
0.008382500000000001,0.382832791315172,0.382675556655994
0.008385,0.3823550865740305,0.3822012930827809
0.0083875,0.38187702889255526,0.3817270295095675
0.00839,0.3813986182707471,0.3812527659363544
0.0083925,0.38091985470860534,0.380778502363141
0.008395000000000001,0.3804407382061302,0.3803042387899276
0.0083975,0.3799612687633221,0.37982997521671447
0.008400000000000001,0.37948144638018033,0.37935571164350107
0.0084025,0.3790012710567056,0.37888144807028795
0.008405000000000001,0.3785207427928972,0.37840718449707456
0.0084075,0.37803986158875585,0.37793292092386144
0.00841,0.37755862744428087,0.37745865735064804
0.0084125,0.37707704035947287,0.3769843937774349
0.008415,0.3765951003343312,0.3765101302042215
0.008417500000000001,0.3761128073688562,0.3760358666310081
0.00842,0.37563016146304834,0.375561603057795
0.008422500000000001,0.3751471626169067,0.3750873394845816
0.008425,0.37466381083043215,0.3746130759113685
0.008427500000000001,0.3741801061036239,0.3741388123381551
0.00843,0.37369604843648274,0.373664548764942
0.0084325,0.37321163782900785,0.3731902851917286
0.008435000000000002,0.3727268742811997,0.37271602161851514
0.0084375,0.37224175779305857,0.3722417580453021
0.008440000000000001,0.3717562883645838,0.3717454357012415
0.0084425,0.37127046599577596,0.3712491133571813
0.008445000000000001,0.3707842906866346,0.37075279101312075
0.0084475,0.37029776243716017,0.37025646866906053
0.008450000000000001,0.3698108812473522,0.369760146325
0.0084525,0.36932364711721105,0.36926382398093976
0.008455,0.3688360600467364,0.3687675016368792
0.008457500000000001,0.36834812003592843,0.36827117929281866
0.00846,0.3678598270847874,0.36777485694875844
0.008462500000000001,0.3673711811933128,0.3672785346046979
0.008465,0.3668821823615052,0.3667822122606377
0.008467500000000001,0.36639283058936395,0.3662858899165771
0.00847,0.36590312587688967,0.3657895675725169
0.0084725,0.3654130682240818,0.36529324522845635
0.008475,0.364922657630941,0.36479692288439614
0.0084775,0.36443189409746646,0.3643006005403356
0.008480000000000001,0.3639407776236586,0.36380427819627503
0.0084825,0.3634493082095178,0.3633079558522148
0.008485000000000001,0.36295748585504334,0.36281163350815426
0.0084875,0.36246531056023584,0.3623153111640941
0.008490000000000001,0.3619727823250948,0.3618189888200335
0.0084925,0.36147990114962075,0.36132266647597333
0.008495,0.36098666703381305,0.3608263441319128
0.0084975,0.36049307997767227,0.36033002178785256
0.0085,0.3599991399811979,0.359833699443792
0.008502500000000001,0.3595048470443903,0.35933737709973146
0.008505,0.3590102011672497,0.35884105475567124
0.008507500000000001,0.3585152023497753,0.3583447324116107
0.00851,0.35801985059196806,0.35784841006755047
0.008512500000000001,0.3575241458938272,0.3573520877234899
0.008515,0.3570280882553532,0.3568557653794297
0.0085175,0.3565316776765457,0.35635944303536915
0.008520000000000002,0.35603491415740485,0.3558631206913086
0.0085225,0.355537797697931,0.3553667983472484
0.008525000000000001,0.35504032829812343,0.35487047600318783
0.0085275,0.35454250595798303,0.3543741536591276
0.008530000000000001,0.3540443306775089,0.35387783131506706
0.0085325,0.35354580245670175,0.35338150897100684
0.008535000000000001,0.353046921295561,0.3528851866269463
0.0085375,0.35254768719408724,0.35238886428288607
0.00854,0.3520481001522799,0.3518925419388255
0.008542500000000001,0.3515481601701392,0.35139621959476497
0.008545,0.3510478672476655,0.35089989725070475
0.008547500000000001,0.35054722138485817,0.3504035749066442
0.00855,0.35004622258171786,0.349907252562584
0.008552500000000001,0.34954487083824387,0.34941093021852343
0.008555,0.3490431661544369,0.3489146078744632
0.008557500000000001,0.34854110853029635,0.34841828553040266
0.00856,0.3480386979658228,0.34792196318634244
0.0085625,0.3475359344610155,0.3474256408422819
0.008565000000000001,0.347032818015875,0.34692931849822134
0.0085675,0.3465293486304015,0.3464329961541611
0.008570000000000001,0.3460255263045944,0.34593667381010057
0.0085725,0.34552135103845416,0.34544035146604035
0.008575000000000001,0.3450168228319804,0.3449440291219798
0.0085775,0.34451194168517363,0.3444477067779196
0.00858,0.34400670759803315,0.34395138443385903
0.0085825,0.34350112057055976,0.3434550620897988
0.008585,0.3429951806027527,0.34295873974573826
0.008587500000000001,0.34248888769461233,0.3424624174016777
0.00859,0.34198224184613896,0.34196609505761755
0.008592500000000001,0.34147524305733196,0.34146977271355694
0.008595,0.340967891328192,0.3409624209840732
0.008597500000000001,0.3404601866587184,0.3404440398691655
0.0086,0.33995212904891176,0.3399256587542582
0.0086025,0.3394437184987715,0.33940727763935047
0.008605000000000002,0.33893495500829796,0.3388888965244428
0.0086075,0.33842583857749137,0.33837051540953544
0.008610000000000001,0.33791636920635115,0.3378521342946278
0.0086125,0.337406546894878,0.3373337531797204
0.008615000000000001,0.3368963716430711,0.33681537206481277
0.0086175,0.3363858434509313,0.3362969909499054
0.008620000000000001,0.3358749623184578,0.33577860983499774
0.0086225,0.33536372824565147,0.3352602287200904
0.008625,0.33485214123251134,0.3347418476051827
0.008627500000000001,0.3343402012790379,0.334223466490275
0.00863,0.3338279083852315,0.3337050853753677
0.008632500000000001,0.3333152625510915,0.33318670426046
0.008635,0.3328022637766184,0.33266832314555267
0.008637500000000001,0.33228891206181177,0.33214994203064496
0.00864,0.33177520740667216,0.33163156091573764
0.008642500000000001,0.33126114981119886,0.33111317980082994
0.008645,0.33074673927539255,0.3305947986859226
0.0086475,0.3302319757992526,0.3300764175710149
0.008650000000000001,0.3297168593827794,0.32955803645610726
0.0086525,0.3292013900259732,0.3290396553411999
0.008655000000000001,0.3286855677288333,0.32852127422629224
0.0086575,0.32816939249136046,0.32800289311138486
0.008660000000000001,0.32765286431355395,0.3274845119964772
0.0086625,0.3271359831954144,0.3269661308815699
0.008665,0.3266187491369413,0.3264477497666622
0.0086675,0.32610116213813517,0.32592936865175487
0.00867,0.32558322219899544,0.32541098753684716
0.008672500000000001,0.3250649293195223,0.32489260642193946
0.008675,0.32454628349971626,0.32437422530703214
0.008677500000000001,0.3240272847395766,0.32385584419212443
0.00868,0.3235079330391039,0.3233374630772171
0.008682500000000001,0.3229882283982975,0.3228190819623094
0.008685,0.32246817081715823,0.3223007008474021
0.0086875,0.3219477602956853,0.3217823197324944
0.008690000000000002,0.32142699683387893,0.32126393861758673
0.0086925,0.32090588043173973,0.32074555750267936
0.008695000000000001,0.3203844110892668,0.3202271763877717
0.0086975,0.31986258880646096,0.31970879527286433
0.008700000000000001,0.3193404135833214,0.3191904141579567
0.0087025,0.31881788541984885,0.31867203304304936
0.008705000000000001,0.3182950043160427,0.31815365192814166
0.0087075,0.31777177027190356,0.31763527081323434
0.00871,0.3172481832874307,0.31711688969832663
0.008712500000000001,0.31672424336262456,0.3165985085834189
0.008715,0.3161999504974855,0.3160801274685116
0.008717500000000001,0.3156753046920127,0.3155617463536039
0.00872,0.315150305946207,0.3150433652386966
0.008722500000000001,0.31462495426006765,0.3145249841237889
0.008725,0.31409924963359537,0.31400660300888156
0.008727500000000001,0.3135731920667893,0.31348822189397385
0.00873,0.3130467815596503,0.31296984077906653
0.0087325,0.31252001811217767,0.3124514596641589
0.008735000000000001,0.3119929017243717,0.3119330785492512
0.0087375,0.3114654323962328,0.31141469743434386
0.008740000000000001,0.3109376101277602,0.31089631631943615
0.0087425,0.3104094349189547,0.31037793520452883
0.008745000000000001,0.30988090676981545,0.3098595540896211
0.0087475,0.30935202568034326,0.3093411729747138
0.00875,0.3088227916505374,0.3088227918598061
0.0087525,0.3082932046803986,0.3082823519740516
0.008755,0.3077632647699261,0.3077419120882968
0.008757500000000001,0.3072329719191203,0.307201472202542
0.00876,0.30670232612798154,0.30666103231678754
0.008762500000000001,0.30617132739650915,0.30612059243103273
0.008765,0.30563997572470375,0.30558015254527826
0.008767500000000001,0.3051082711125647,0.30503971265952345
0.00877,0.30457621356009273,0.304499272773769
0.0087725,0.304043803067287,0.3039588328880142
0.008775000000000002,0.303511039634148,0.30341839300225937
0.0087775,0.3029779232606761,0.3028779531165049
0.008780000000000001,0.3024444539468705,0.3023375132307501
0.0087825,0.30191063169273186,0.3017970733449956
0.008785000000000001,0.30137645649825956,0.3012566334592408
0.0087875,0.3008419283634544,0.30071619357348633
0.008790000000000001,0.3003070472883155,0.30017575368773153
0.0087925,0.29977181327284363,0.29963531380197705
0.008795,0.2992362263170381,0.29909487391622225
0.008797500000000001,0.2987002864208993,0.29855443403046744
0.0088,0.29816399358442747,0.29801399414471297
0.008802500000000001,0.297627347807622,0.29747355425895816
0.008805,0.2970903490904836,0.2969331143732037
0.008807500000000001,0.29655299743301156,0.2963926744874489
0.00881,0.29601529283520644,0.2958522346016944
0.008812500000000001,0.29547723529706776,0.2953117947159396
0.008815,0.29493882481859607,0.29477135483018513
0.0088175,0.29440006139979075,0.2942309149444303
0.008820000000000001,0.293860945040652,0.29369047505867546
0.0088225,0.2933214757411804,0.29315003517292104
0.008825000000000001,0.2927816535013751,0.29260959528716624
0.0088275,0.29224147832123687,0.29206915540141176
0.008830000000000001,0.2917009502007649,0.29152871551565696
0.0088325,0.29116006913996006,0.2909882756299025
0.008835,0.2906188351388215,0.2904478357441477
0.0088375,0.29007724819735,0.2899073958583932
0.00884,0.28953530831554475,0.2893669559726384
0.008842500000000001,0.2889930154934063,0.28882651608688353
0.008845,0.28845036973093485,0.2882860762011291
0.008847500000000001,0.2879073710281297,0.28774563631537425
0.00885,0.2873640193849916,0.28720519642961984
0.008852500000000001,0.28682031480151987,0.286664756543865
0.008855,0.2862762572777151,0.28612431665811056
0.0088575,0.2857318468135767,0.28558387677235575
0.008860000000000002,0.28518708340910504,0.2850434368866009
0.0088625,0.2846419670643004,0.28450299700084647
0.008865000000000001,0.28409649777916196,0.2839625571150916
0.0088675,0.28355067555369073,0.2834221172293372
0.008870000000000001,0.28300450038788577,0.2828816773435823
0.0088725,0.28245797228174785,0.2823412374578279
0.008875000000000001,0.2819110912352762,0.28180079757207305
0.0088775,0.2813638572484717,0.28126035768631863
0.00888,0.2808162703213335,0.28071991780056377
0.008882500000000002,0.2802683304538619,0.28017947791480896
0.008885,0.27972003764605746,0.27963903802905454
0.008887500000000001,0.27917139189791923,0.2790985981432997
0.00889,0.27862239320944815,0.27855815825754526
0.008892500000000001,0.27807304158064333,0.2780177183717904
0.008895,0.27752333701150556,0.277477278486036
0.008897500000000001,0.27697327950203415,0.2769368386002811
0.0089,0.2764228690522298,0.2763963987145267
0.0089025,0.2758721056620917,0.27585595882877184
0.008905000000000001,0.2753209893316203,0.27531551894301703
0.0089075,0.274769520060816,0.274764049671839
0.008910000000000001,0.274217697849678,0.274201551015237
0.0089125,0.27366552269820704,0.2736390523586355
0.008915000000000001,0.2731129946064024,0.27307655370203354
0.0089175,0.27256011357426485,0.27251405504543197
0.00892,0.27200687960179354,0.27195155638883
0.0089225,0.2714532926889894,0.27138905773222843
0.008925,0.2708993528358514,0.27082655907562647
0.008927500000000001,0.27034506004238024,0.2702640604190245
0.00893,0.26979041430857603,0.26970156176242294
0.008932500000000001,0.2692354156344382,0.269139063105821
0.008935,0.26868006401996747,0.2685765644492194
0.008937500000000001,0.26812435946516294,0.26801406579261744
0.00894,0.2675683019700255,0.26745156713601587
0.0089425,0.2670118915345544,0.2668890684794139
0.008945000000000002,0.26645512815875,0.26632656982281194
0.0089475,0.26589801184261264,0.26576407116621037
0.008950000000000001,0.2653405425861416,0.2652015725096084
0.0089525,0.26478272038933764,0.26463907385300683
0.008955000000000001,0.26422454525219996,0.2640765751964049
0.0089575,0.2636660171747293,0.2635140765398033
0.008960000000000001,0.263107136156925,0.26295157788320134
0.0089625,0.26254790219878776,0.26238907922659976
0.008965,0.2619883153003168,0.2618265805699978
0.008967500000000002,0.26142837546151254,0.26126408191339584
0.00897,0.2608680826823754,0.26070158325679427
0.008972500000000001,0.2603074369629045,0.2601390846001923
0.008975,0.2597464383031006,0.25957658594359073
0.008977500000000001,0.25918508670296314,0.25901408728698877
0.00898,0.2586233821624927,0.2584515886303872
0.008982500000000001,0.2580613246816886,0.25788908997378523
0.008985,0.25749891426055144,0.25732659131718366
0.0089875,0.25693615089908073,0.2567640926605817
0.008990000000000001,0.2563730345972766,0.25620159400397974
0.0089925,0.25580956535513955,0.25563909534737816
0.008995000000000001,0.25524574317266885,0.2550765966907762
0.0089975,0.2546815680498652,0.25451409803417463
0.009000000000000001,0.25411703998672786,0.25395159937757267
0.0090025,0.25355215898325756,0.2533891007209711
0.009005,0.2529869250394536,0.25282660206436913
0.0090075,0.2524213381553167,0.25226410340776756
0.00901,0.2518553983308461,0.25170160475116565
0.009012500000000001,0.2512891055660421,0.2511391060945637
0.009015,0.25072245986090524,0.25057660743796206
0.009017500000000001,0.2501554612154347,0.25001410878136016
0.00902,0.2495881096296312,0.24945161012475855
0.009022500000000001,0.24902040510349405,0.2488891114681566
0.009025,0.24845234763702392,0.24832661281155502
0.0090275,0.24788393723022012,0.24776411415495306
0.009030000000000002,0.24731517388308297,0.2472016154983511
0.0090325,0.2467460575956129,0.24663911684174952
0.009035000000000001,0.24617658836780915,0.24607661818514756
0.0090375,0.24560676619967248,0.24551411952854602
0.009040000000000001,0.24503659109120204,0.24495162087194405
0.0090425,0.24446606304239876,0.24438912221534248
0.009045000000000001,0.24389518205326174,0.24382662355874052
0.0090475,0.24332394812379177,0.24326412490213895
0.00905,0.2427523612539881,0.24270162624553698
0.009052500000000002,0.24218042144385118,0.24213912758893502
0.009055,0.24160812869338127,0.24157662893233345
0.009057500000000001,0.24103548300257766,0.2410141302757315
0.00906,0.24046248437144113,0.2404516316191299
0.009062500000000001,0.2398891327999709,0.23988913296252792
0.009065,0.2393154282881678,0.23930457553507925
0.009067500000000001,0.23874137083603092,0.23872001810763013
0.00907,0.23816696044356114,0.23813546068018146
0.0090725,0.23759219711075766,0.23755090325273234
0.009075000000000001,0.23701708083762085,0.23696634582528325
0.0090775,0.23644161162415112,0.23638178839783455
0.009080000000000001,0.23586578947034767,0.23579723097038546
0.0090825,0.23528961437621132,0.23521267354293676
0.009085000000000001,0.23471308634174126,0.23462811611548767
0.0090875,0.23413620536693827,0.234043558688039
0.00909,0.23355897145180157,0.23345900126058988
0.0090925,0.232981384596332,0.2328744438331412
0.009095,0.23240344480052863,0.2322898864056921
0.009097500000000001,0.231825152064392,0.231705328978243
0.0091,0.23124650638792246,0.2311207715507943
0.009102500000000001,0.23066750777111922,0.2305362141233452
0.009105,0.23008815621398296,0.2299516566958965
0.009107500000000001,0.2295084517165131,0.22936709926844742
0.00911,0.22892839427871028,0.22878254184099872
0.0091125,0.22834798390057376,0.22819798441354963
0.009115000000000002,0.2277672205821039,0.22761342698610054
0.0091175,0.22718610432330116,0.22702886955865184
0.009120000000000001,0.22660463512416468,0.22644431213120275
0.0091225,0.22602281298469526,0.22585975470375405
0.009125000000000001,0.2254406379048922,0.22527519727630496
0.0091275,0.22485810988475619,0.22469063984885626
0.009130000000000001,0.22427522892428642,0.22410608242140717
0.0091325,0.2236919950234838,0.22352152499395847
0.009135,0.22310840818234742,0.22293696756650938
0.009137500000000002,0.22252446840087775,0.22235241013906026
0.00914,0.22194017567907512,0.2217678527116116
0.009142500000000001,0.2213555300169388,0.22118329528416247
0.009145,0.2207705314144696,0.2205987378567138
0.009147500000000001,0.2201851798716667,0.2200141804292647
0.00915,0.21959947538853078,0.219429623001816
0.009152500000000001,0.21901341796506124,0.21884506557436692
0.009155,0.21842700760125877,0.21826050814691822
0.0091575,0.2178402442971226,0.21767595071946913
0.009160000000000001,0.21725312805265304,0.21709139329202
0.0091625,0.21666565886785064,0.21650683586457134
0.009165000000000001,0.2160778367427145,0.21592227843712222
0.0091675,0.2154896616772454,0.21533772100967355
0.009170000000000001,0.21490113367144265,0.21475316358222443
0.0091725,0.214312252725307,0.21416860615477576
0.009175,0.21372301883883757,0.21358404872732664
0.0091775,0.21313343201203525,0.21299949129987797
0.00918,0.2125434922448992,0.21241493387242885
0.009182500000000001,0.21195319953742986,0.21183037644497976
0.009185,0.21136255388962763,0.2112458190175311
0.009187500000000001,0.2107715553014916,0.21066126159008197
0.00919,0.21018020377302277,0.2100767041626333
0.009192500000000001,0.20958849930422016,0.20949214673518418
0.009195,0.20899644189508462,0.2089075893077355
0.0091975,0.20840403154561538,0.2083230318802864
0.009200000000000002,0.2078112682558128,0.2077384744528373
0.0092025,0.20721815202567737,0.2071539170253886
0.009205000000000001,0.20662468285520816,0.2065693595979395
0.0092075,0.2060308607444061,0.2059848021704908
0.009210000000000001,0.20543668569327025,0.20540024474304172
0.0092125,0.20484215770180156,0.20481568731559302
0.009215000000000001,0.2042472767699991,0.20423112988814393
0.0092175,0.20365204289786376,0.20364657246069523
0.00922,0.2030564560853947,0.20305098564782256
0.009222500000000002,0.20246051633259227,0.20244436944952635
0.009225,0.20186422363945697,0.20183775325123052
0.009227500000000001,0.201267578005988,0.20123113705293427
0.00923,0.20067057943218605,0.20062452085463847
0.009232500000000001,0.20007322791805038,0.20001790465634223
0.009235,0.19947552346358186,0.19941128845804643
0.009237500000000001,0.1988774660687796,0.19880467225975018
0.00924,0.1982790557336444,0.19819805606145438
0.0092425,0.19768029245817548,0.19759143986315814
0.009245000000000001,0.19708117624237326,0.19698482366486192
0.0092475,0.19648170708623813,0.1963782074665661
0.009250000000000001,0.19588188498976927,0.19577159126826987
0.0092525,0.1952817099529675,0.19516497506997404
0.009255000000000001,0.19468118197583203,0.19455835887167783
0.0092575,0.19408030105836366,0.193951742673382
0.009260000000000001,0.19347906720056152,0.19334512647508578
0.0092625,0.19287748040242653,0.19273851027678995
0.009265,0.19227554066395777,0.19213189407849374
0.009267500000000001,0.19167324798515573,0.1915252778801975
0.00927,0.19107060236602075,0.19091866168190166
0.009272500000000001,0.19046760380655203,0.19031204548360545
0.009275,0.18986425230675047,0.18970542928530962
0.009277500000000001,0.18926054786661514,0.1890988130870134
0.00928,0.1886564904861469,0.18849219688871757
0.0092825,0.188052080165345,0.18788558069042136
0.009285000000000002,0.1874473169042097,0.1872789644921251
0.0092875,0.18684220070274155,0.1866723482938293
0.009290000000000001,0.18623673156093964,0.18606573209553307
0.0092925,0.18563090947880487,0.18545911589723726
0.009295000000000001,0.18502473445633635,0.18485249969894102
0.0092975,0.1844182064935349,0.18424588350064522
0.009300000000000001,0.18381132559039975,0.18363926730234897
0.0093025,0.18320409174693172,0.18303265110405315
0.009305,0.1825965049631299,0.18242603490575693
0.009307500000000002,0.18198856523899481,0.18181941870746068
0.00931,0.18138027257452682,0.18121280250916488
0.009312500000000001,0.1807716269697251,0.18060618631086864
0.009315,0.18016262842459047,0.17999957011257284
0.009317500000000001,0.17955327693912213,0.1793929539142766
0.00932,0.17894357251332085,0.1787863377159808
0.009322500000000001,0.17833351514718587,0.17817972151768455
0.009325,0.177723104840718,0.17757310531938875
0.0093275,0.17711234159391637,0.1769664891210925
0.009330000000000001,0.17650122540678143,0.17635987292279626
0.0093325,0.17588975627931358,0.17575325672450046
0.009335000000000001,0.17527793421151203,0.1751466405262042
0.0093375,0.17466575920337757,0.1745400243279084
0.009340000000000001,0.17405323125490937,0.17393340812961217
0.0093425,0.17344035036610828,0.17332679193131637
0.009345000000000001,0.17282711653697347,0.17272017573302012
0.0093475,0.17221352976750573,0.17211355953472432
0.00935,0.1715995900577043,0.17150694333642807
0.009352500000000001,0.1709852974075695,0.17090032713813186
0.009355,0.17037065181710184,0.17029371093983603
0.009357500000000001,0.16975565328630046,0.1696870947415398
0.00936,0.16914030181516615,0.16908047854324398
0.009362500000000001,0.16852459740369813,0.16847386234494777
0.009365,0.16790854005189723,0.16786724614665194
0.0093675,0.16729212975976257,0.16726062994835572
0.009370000000000002,0.16667536652729456,0.16665401375005948
0.0093725,0.1660582503544937,0.16604739755176368
0.009375000000000001,0.1654407812413591,0.1654407813534674
0.0093775,0.16482295918789164,0.16481210638432447
0.009380000000000001,0.16420478419409035,0.1641834314151811
0.0093825,0.16358625625995626,0.16355475644603817
0.009385000000000001,0.16296737538548842,0.1629260814768948
0.0093875,0.16234814157068764,0.16229740650775187
0.00939,0.16172855481555312,0.1616687315386085
0.009392500000000002,0.1611086151200853,0.16104005656946513
0.009395,0.16048832248428466,0.1604113816003222
0.009397500000000001,0.15986767690815018,0.15978270663117883
0.0094,0.15924667839168286,0.1591540316620359
0.009402500000000001,0.1586253269348818,0.15852535669289253
0.009405,0.15800362253774786,0.1578966817237496
0.009407500000000001,0.1573815652002801,0.15726800675460623
0.00941,0.15675915492247955,0.1566393317854633
0.0094125,0.1561363917043452,0.15601065681631993
0.009415000000000001,0.15551327554587757,0.15538198184717655
0.0094175,0.15488980644707703,0.15475330687803363
0.009420000000000001,0.15426598440794276,0.15412463190889025
0.0094225,0.1536418094284756,0.15349595693974732
0.009425000000000001,0.1530172815086747,0.15286728197060395
0.0094275,0.1523924006485409,0.15223860700146102
0.009430000000000001,0.15176716684807337,0.15160993203231765
0.0094325,0.15114158010727297,0.15098125706317472
0.009435,0.15051564042613877,0.15035258209403135
0.009437500000000001,0.14988934780467128,0.14972390712488798
0.00944,0.14926270224287097,0.14909523215574505
0.009442500000000001,0.1486357037407368,0.14846655718660168
0.009445,0.14800835229826984,0.14783788221745875
0.009447500000000001,0.1473806479154691,0.14720920724831538
0.00945,0.14675259059233547,0.14658053227917245
0.0094525,0.1461241803288681,0.14595185731002908
0.009455000000000002,0.14549541712506742,0.1453231823408857
0.0094575,0.14486630098093384,0.14469450737174278
0.009460000000000001,0.14423683189646655,0.1440658324025994
0.0094625,0.14360700987166633,0.14343715743345647
0.009465000000000001,0.14297683490653237,0.1428084824643131
0.0094675,0.14234630700106557,0.14217980749517017
0.009470000000000001,0.14171542615526497,0.1415511325260268
0.0094725,0.14108419236913153,0.14092245755688385
0.009475,0.14045260564266432,0.1402937825877405
0.009477500000000002,0.13982066597586382,0.13966510761859713
0.00948,0.1391883733687304,0.13903643264945417
0.009482500000000001,0.13855572782126327,0.13840775768031083
0.009485,0.13792272933346325,0.13777908271116787
0.009487500000000001,0.13728937790532944,0.13715040774202453
0.00949,0.13665567353686278,0.13652173277288157
0.009492500000000001,0.13602161622806236,0.1358930578037382
0.009495,0.1353872059789291,0.13526438283459527
0.0094975,0.13475244278946202,0.1346357078654519
0.009500000000000001,0.1341173266596617,0.13400703289630855
0.0095025,0.13348185758952846,0.1333783579271656
0.009505000000000001,0.13284603557906147,0.13274968295802222
0.0095075,0.13220986062826162,0.1321210079888793
0.009510000000000001,0.13157333273712798,0.13149233301973592
0.0095125,0.1309364519056615,0.130863658050593
0.009515000000000001,0.13029921813386125,0.13023498308144962
0.0095175,0.12966163142172812,0.1296063081123067
0.00952,0.12902369176926126,0.12897763314316332
0.009522500000000001,0.12838539917646108,0.12834895817401995
0.009525,0.127746753643328,0.12772028320487702
0.009527500000000001,0.12710775516986117,0.12709160823573365
0.00953,0.1264684037560615,0.12646293326659072
0.009532500000000001,0.12582869940192803,0.12582322891202377
0.009535,0.1251886421074617,0.12517249517203372
0.0095375,0.12454823187266162,0.12452176143204322
0.009540000000000002,0.12390746869752824,0.12387102769205272
0.0095425,0.12326635258206198,0.12322029395206266
0.009545000000000001,0.12262488352626194,0.12256956021207216
0.0095475,0.12198306153012904,0.1219188264720821
0.009550000000000001,0.12134088659366239,0.12126809273209159
0.0095525,0.12069835871686284,0.12061735899210153
0.009555000000000001,0.12005547789972958,0.11996662525211103
0.0095575,0.11941224414226342,0.11931589151212098
0.00956,0.1187686574444635,0.11866515777213048
0.009562500000000002,0.11812471780633026,0.11801442403213996
0.009565,0.11748042522786417,0.11736369029214991
0.009567500000000001,0.11683577970906431,0.11671295655215941
0.00957,0.11619078124993158,0.11606222281216935
0.009572500000000001,0.11554542985046508,0.11541148907217885
0.009575,0.11489972551066573,0.1147607553321888
0.009577500000000001,0.11425366823053261,0.11411002159219828
0.00958,0.11360725801006659,0.11345928785220824
0.0095825,0.11296049484926685,0.11280855411221773
0.009585000000000002,0.1123133787481338,0.11215782037222723
0.0095875,0.11166590970666786,0.11150708663223717
0.009590000000000001,0.11101808772486815,0.11085635289224666
0.0095925,0.11036991280273559,0.1102056191522566
0.009595000000000001,0.10972138494026926,0.1095548854122661
0.0095975,0.10907250413747009,0.10890415167227604
0.009600000000000001,0.1084232703943371,0.10825341793228554
0.0096025,0.10777368371087129,0.10760268419229549
0.009605,0.1071237440870717,0.10695195045230499
0.009607500000000001,0.1064734515229388,0.10630121671231448
0.00961,0.10582280601847302,0.10565048297232442
0.009612500000000001,0.1051718075736735,0.10499974923233392
0.009615,0.10452045618854111,0.10434901549234386
0.009617500000000001,0.10386875186307494,0.10369828175235335
0.00962,0.10321669459727591,0.1030475480123633
0.0096225,0.10256428439114314,0.1023968142723728
0.009625000000000002,0.10191152124467702,0.1017460805323823
0.0096275,0.10125840515787804,0.10109534679239224
0.009630000000000001,0.10060493613074531,0.10044461305240174
0.0096325,0.09995111416327972,0.09979387931241168
0.009635000000000001,0.09929693925548036,0.09914314557242117
0.0096375,0.09864241140734811,0.09849241183243111
0.009640000000000001,0.09798753061888212,0.09784167809244061
0.0096425,0.09733229689008327,0.09719094435245056
0.009645,0.09667671022095063,0.09654021061246004
0.009647500000000002,0.09602077061148469,0.09588947687246954
0.00965,0.0953644780616859,0.09523874313247949
0.009652500000000001,0.09470783257155332,0.09458800939248899
0.009655,0.09405083414108788,0.09393727565249893
0.009657500000000001,0.0933934827702887,0.09328654191250843
0.00966,0.09273577845915663,0.09263580817251837
0.009662500000000001,0.0920777212076908,0.09198507443252787
0.009665,0.0914193110158921,0.09133434069253782
0.0096675,0.09076054788375965,0.0906836069525473
0.009670000000000002,0.09010143181129386,0.09003287321255679
0.0096725,0.08944196279849521,0.08938213947256674
0.009675000000000001,0.0887821408453628,0.08873140573257624
0.0096775,0.08812196595189756,0.08808067199258618
0.009680000000000001,0.08746143811809852,0.08742993825259568
0.0096825,0.08680055734396662,0.08677920451260562
0.009685000000000001,0.08613932362950096,0.08612847077261512
0.0096875,0.08547773697470243,0.08547773703262507
0.00969,0.08481579737957014,0.08480494452178743
0.009692500000000001,0.08415350484410451,0.08413215201094978
0.009695,0.08349085936830605,0.08345935950011261
0.009697500000000001,0.08282786095217382,0.08278656698927497
0.0097,0.0821645095957087,0.08211377447843779
0.009702500000000001,0.08150080529890984,0.08144098196760015
0.009705,0.08083674806177811,0.08076818945676298
0.0097075,0.0801723378843126,0.08009539694592534
0.009710000000000002,0.07950757476651378,0.0794226044350877
0.0097125,0.07884245870838212,0.07874981192425053
0.009715000000000001,0.07817698970991667,0.07807701941341288
0.0097175,0.07751116777111838,0.0774042269025757
0.009720000000000001,0.07684499289198629,0.07673143439173806
0.0097225,0.07617846507252136,0.07605864188090089
0.009725000000000001,0.07551158431272265,0.07538584937006325
0.0097275,0.07484435061259109,0.07471305685922608
0.00973,0.07417676397212575,0.07404026434838844
0.009732500000000002,0.07350882439132711,0.0733674718375508
0.009735,0.0728405318701956,0.07269467932671361
0.009737500000000001,0.0721718864087303,0.07202188681587597
0.00974,0.07150288800693218,0.0713490943050388
0.009742500000000001,0.07083353666480027,0.07067630179420116
0.009745,0.07016383238233552,0.07000350928336399
0.009747500000000001,0.06949377515953695,0.06933071677252635
0.00975,0.06882336499640557,0.06865792426168917
0.0097525,0.06815260189294041,0.06798513175085152
0.009755000000000002,0.0674814858491419,0.06731233924001388
0.0097575,0.06681001686501056,0.06663954672917671
0.009760000000000001,0.06613819494054544,0.06596675421833907
0.0097625,0.06546602007574749,0.0652939617075019
0.009765000000000001,0.06479349227061573,0.06462116919666426
0.0097675,0.06412061152515114,0.06394837668582708
0.009770000000000001,0.06344737783935277,0.06327558417498944
0.0097725,0.06277379121322153,0.06260279166415227
0.009775,0.06209985164675652,0.061929999153314624
0.009777500000000001,0.06142555913995821,0.06125720664247698
0.00978,0.06075091369282704,0.060584414131639806
0.009782500000000001,0.06007591530536208,0.059911621620802165
0.009785,0.059400563977564276,0.05923882910996499
0.009787500000000001,0.058724859709432704,0.05856603659912735
0.00979,0.05804880250096828,0.05789324408829018
0.0097925,0.05737239235217005,0.057220451577452536
0.009795000000000002,0.056695629263038526,0.056547659066614894
0.0097975,0.05601851323357415,0.05587486655577772
0.009800000000000001,0.055341044263776,0.055202074044940076
0.0098025,0.05466322235364499,0.0545292815341029
0.009805000000000001,0.05398504750318021,0.053856489023265265
0.0098075,0.05330651971238258,0.05318369651242809
0.009810000000000001,0.052627638981251154,0.05251090400159045
0.0098125,0.05194840530978689,0.05183811149075327
0.009815,0.05126881869798885,0.05116531897991563
0.009817500000000002,0.05058887914585748,0.05049252646907799
0.00982,0.049908586653393275,0.04981973395824082
0.009822500000000001,0.04922794122059528,0.04914694144740318
0.009825,0.04854694284746445,0.048474148936566
0.009827500000000001,0.04786559153399983,0.04780135642572836
0.00983,0.047183887280202355,0.04712856391489118
0.009832500000000001,0.04650183008607111,0.04645577140405354
0.009835,0.04581941995160701,0.045782978893216364
0.0098375,0.04513665687680912,0.04511018638237872
0.009840000000000002,0.04445354086167793,0.04443739387154109
0.0098425,0.04377007190621389,0.04376460136070391
0.009845000000000001,0.04308625001041607,0.0430807794644427
0.0098475,0.042402075174285396,0.0423859281827584
0.009850000000000001,0.04171754739782094,0.041691076901073626
0.0098525,0.041032666681023636,0.04099622561938933
0.009855000000000001,0.04034743302389256,0.04030137433770455
0.0098575,0.03966184642642862,0.039606523056020256
0.00986,0.0389759068886309,0.03891167177433548
0.009862500000000001,0.03828961441049988,0.038216820492650704
0.009865,0.037602968992035996,0.037521969210966406
0.009867500000000001,0.036915970633238336,0.03682711792928163
0.00987,0.036228619334107835,0.03613226664759733
0.009872500000000001,0.03554091509464354,0.03543741536591256
0.009875,0.03485285791484641,0.03474256408422826
0.0098775,0.03416444779471549,0.034047712802543484
0.009880000000000002,0.03347568473425125,0.03335286152085871
0.0098825,0.032786568733454174,0.03265801023917441
0.009885000000000001,0.0320970997923233,0.031963158957489635
0.0098875,0.0314072779108596,0.03126830767580534
0.009890000000000001,0.030717103089062104,0.03057345639412056
0.0098925,0.030026575326931766,0.029878605112436268
0.009895000000000001,0.029335694624467636,0.029183753830751488
0.0098975,0.028644460981670675,0.028488902549067194
0.0099,0.02795287439853992,0.02779405126738242
0.009902500000000002,0.027260934875075842,0.02709919998569764
0.009905,0.026568642411278934,0.026404348704013345
0.009907500000000001,0.02587599700714823,0.02570949742232857
0.00991,0.025182998662684697,0.025014646140644272
0.009912500000000001,0.024489647377887357,0.024319794858959496
0.009915,0.023795943152757192,0.0236249435772752
0.009917500000000001,0.02310188598729323,0.022930092295590423
0.00992,0.02240747588149643,0.02223524101390613
0.0099225,0.021712712835365838,0.02154038973222135
0.009925000000000002,0.02101759684890193,0.020845538450536574
0.0099275,0.02032212792210519,0.020150687168852276
0.009930000000000001,0.01962630605497465,0.0194558358871675
0.0099325,0.01893013124751128,0.018760984605483207
0.009935000000000001,0.01823360349971411,0.018066133323798427
0.0099375,0.017536722811584114,0.017371282042114133
0.009940000000000001,0.01683948918312031,0.016676430760429354
0.0099425,0.016141902614323682,0.01598157947874506
0.009945,0.015443963105193257,0.015286728197060284
0.009947500000000001,0.01474567065572951,0.014591876915375505
0.00995,0.014047025265932938,0.013897025633691211
0.009952500000000001,0.013348026935802563,0.013202174352006431
0.009955,0.012648675665339362,0.012507323070322138
0.009957500000000001,0.011948971454542356,0.011812471788637362
0.00996,0.011248914303412523,0.011117620506953065
0.009962500000000001,0.010548504211948891,0.010422769225268289
0.009965000000000002,0.009847741180151942,0.009727917943583513
0.0099675,0.009146625208022164,0.009033066661899215
0.009970000000000001,0.008445156295558585,0.00833821538021444
0.0099725,0.007743334442762179,0.007643364098530142
0.009975000000000001,0.007041159649631969,0.006948512816845366
0.0099775,0.006338631916168933,0.006253661535161069
0.009980000000000001,0.005635751242372094,0.005558810253476293
0.0099825,0.004932517628242429,0.004863958971791996
0.009985,0.00422893107377896,0.00416910769010722
0.009987500000000002,0.0035249915789821763,0.0034742564084224437
0.00999,0.0028206991438525664,0.0027794051267381464
0.009992500000000001,0.0021160537683891523,0.0020845538450533704
0.009995,0.0014110554525929128,0.0013897025633690732
0.009997500000000001,0.0007057041964628691,0.0006948512816842972
0.01,0.0,0.0
